symbol,year,month,date,quarter,week,weekday_index,weekday,full_date,open,high,low,close,volume,timestamp,trend
HWS,2018,8,9,3,32,4,Thursday,2018-08-09,11.66,11.66,11.66,11.66,100.0,1533772800.0,SIDEWAY
HWS,2018,8,24,3,34,5,Friday,2018-08-24,10.18,10.18,10.18,10.18,100.0,1535068800.0,SIDEWAY
HWS,2018,9,26,3,39,3,Wednesday,2018-09-26,8.65,8.65,8.65,8.65,100.0,1537920000.0,SIDEWAY
HWS,2018,9,27,3,39,4,Thursday,2018-09-27,7.37,7.37,7.37,7.37,5300.0,1538006400.0,SIDEWAY
HWS,2018,10,3,4,40,3,Wednesday,2018-10-03,6.33,6.33,6.33,6.33,3100.0,1538524800.0,SIDEWAY
HWS,2018,10,9,4,41,2,Tuesday,2018-10-09,5.45,5.45,5.45,5.45,9600.0,1539043200.0,SIDEWAY
HWS,2018,10,10,4,41,3,Wednesday,2018-10-10,5.45,5.45,4.81,4.81,400.0,1539129600.0,DOWNTREND
HWS,2018,10,15,4,42,1,Monday,2018-10-15,5.29,5.29,4.41,4.41,32700.0,1539561600.0,DOWNTREND
HWS,2018,10,19,4,42,5,Friday,2018-10-19,4.49,4.49,4.49,4.49,30600.0,1539907200.0,SIDEWAY
HWS,2018,10,23,4,43,2,Tuesday,2018-10-23,5.13,5.13,4.25,4.25,300.0,1540252800.0,DOWNTREND
HWS,2018,10,29,4,44,1,Monday,2018-10-29,4.41,4.41,4.41,4.41,100.0,1540771200.0,SIDEWAY
HWS,2018,10,30,4,44,2,Tuesday,2018-10-30,4.81,5.05,4.81,5.05,200.0,1540857600.0,UPTREND
HWS,2018,10,31,4,44,3,Wednesday,2018-10-31,4.57,4.57,4.57,4.57,6400.0,1540944000.0,SIDEWAY
HWS,2018,11,1,4,44,4,Thursday,2018-11-01,4.57,4.57,4.57,4.57,6400.0,1541030400.0,SIDEWAY
HWS,2018,11,15,4,46,4,Thursday,2018-11-15,4.49,4.49,4.49,4.49,9600.0,1542240000.0,SIDEWAY
HWS,2018,11,28,4,48,3,Wednesday,2018-11-28,4.73,4.73,4.73,4.73,9200.0,1543363200.0,SIDEWAY
HWS,2018,11,29,4,48,4,Thursday,2018-11-29,5.37,5.37,5.37,5.37,100.0,1543449600.0,SIDEWAY
HWS,2018,11,30,4,48,5,Friday,2018-11-30,6.17,6.17,6.17,6.17,100.0,1543536000.0,SIDEWAY
HWS,2018,12,4,4,49,2,Tuesday,2018-12-04,6.41,6.65,6.41,6.65,200.0,1543881600.0,UPTREND
HWS,2018,12,5,4,49,3,Wednesday,2018-12-05,7.53,7.53,7.53,7.53,100.0,1543968000.0,SIDEWAY
HWS,2018,12,6,4,49,4,Thursday,2018-12-06,8.65,8.65,8.65,8.65,100.0,1544054400.0,SIDEWAY
HWS,2018,12,7,4,49,5,Friday,2018-12-07,9.94,9.94,9.94,9.94,100.0,1544140800.0,SIDEWAY
HWS,2018,12,14,4,50,5,Friday,2018-12-14,8.49,8.49,8.49,8.49,100.0,1544745600.0,SIDEWAY
HWS,2018,12,17,4,51,1,Monday,2018-12-17,7.29,7.29,7.29,7.29,100.0,1545004800.0,SIDEWAY
HWS,2018,12,21,4,51,5,Friday,2018-12-21,6.25,6.25,6.25,6.25,100.0,1545350400.0,SIDEWAY
HWS,2018,12,24,4,52,1,Monday,2018-12-24,5.53,5.53,5.53,5.53,19700.0,1545609600.0,SIDEWAY
HWS,2019,1,2,1,1,3,Wednesday,2019-01-02,5.29,5.29,5.29,5.29,9600.0,1546387200.0,SIDEWAY
HWS,2019,1,3,1,1,4,Thursday,2019-01-03,4.89,4.89,4.89,4.89,10000.0,1546473600.0,SIDEWAY
HWS,2019,1,4,1,1,5,Friday,2019-01-04,5.05,5.05,5.05,5.05,14300.0,1546560000.0,SIDEWAY
HWS,2019,1,18,1,3,5,Friday,2019-01-18,5.77,5.77,5.77,5.77,200.0,1547769600.0,SIDEWAY
HWS,2019,1,21,1,4,1,Monday,2019-01-21,6.01,6.01,6.01,6.01,500.0,1548028800.0,SIDEWAY
HWS,2019,1,29,1,5,2,Tuesday,2019-01-29,6.89,6.89,6.89,6.89,200.0,1548720000.0,SIDEWAY
HWS,2019,2,13,1,7,3,Wednesday,2019-02-13,7.21,7.21,7.21,7.21,500.0,1550016000.0,SIDEWAY
HWS,2019,2,19,1,8,2,Tuesday,2019-02-19,7.61,7.61,7.61,7.61,100.0,1550534400.0,SIDEWAY
HWS,2019,3,13,1,11,3,Wednesday,2019-03-13,6.65,6.65,6.65,6.65,5900.0,1552435200.0,SIDEWAY
HWS,2019,3,20,1,12,3,Wednesday,2019-03-20,5.69,5.69,5.69,5.69,12200.0,1553040000.0,SIDEWAY
HWS,2019,4,10,2,15,3,Wednesday,2019-04-10,6.49,6.49,6.49,6.49,100.0,1554854400.0,SIDEWAY
HWS,2019,4,12,2,15,5,Friday,2019-04-12,7.45,7.45,7.45,7.45,300.0,1555027200.0,SIDEWAY
HWS,2019,4,16,2,16,2,Tuesday,2019-04-16,8.09,8.49,7.45,7.45,7300.0,1555372800.0,DOWNTREND
HWS,2019,4,17,2,16,3,Wednesday,2019-04-17,8.01,8.01,7.85,7.85,15000.0,1555459200.0,DOWNTREND
HWS,2019,4,18,2,16,4,Thursday,2019-04-18,8.41,8.82,8.41,8.82,7000.0,1555545600.0,UPTREND
HWS,2019,4,19,2,16,5,Friday,2019-04-19,8.34,8.34,8.34,8.34,2000.0,1555632000.0,SIDEWAY
HWS,2019,4,22,2,17,1,Monday,2019-04-22,9.54,9.54,9.54,9.54,400.0,1555891200.0,SIDEWAY
HWS,2019,4,23,2,17,2,Tuesday,2019-04-23,10.02,10.02,8.41,8.41,2100.0,1555977600.0,DOWNTREND
HWS,2019,5,2,2,18,4,Thursday,2019-05-02,8.41,8.41,8.41,8.41,3000.0,1556755200.0,SIDEWAY
HWS,2019,5,9,2,19,4,Thursday,2019-05-09,8.34,8.34,8.34,8.34,2000.0,1557360000.0,SIDEWAY
HWS,2019,5,13,2,20,1,Monday,2019-05-13,8.26,8.26,8.26,8.26,2000.0,1557705600.0,SIDEWAY
HWS,2019,5,22,2,21,3,Wednesday,2019-05-22,8.26,8.26,8.26,8.26,3000.0,1558483200.0,SIDEWAY
HWS,2019,5,24,2,21,5,Friday,2019-05-24,8.49,8.49,8.49,8.49,45000.0,1558656000.0,SIDEWAY
HWS,2019,5,29,2,22,3,Wednesday,2019-05-29,8.49,8.49,8.49,8.49,1000.0,1559088000.0,SIDEWAY
HWS,2019,5,30,2,22,4,Thursday,2019-05-30,8.57,8.82,8.57,8.82,14300.0,1559174400.0,UPTREND
HWS,2019,5,31,2,22,5,Friday,2019-05-31,8.82,8.82,8.82,8.82,22100.0,1559260800.0,SIDEWAY
HWS,2019,6,3,2,23,1,Monday,2019-06-03,8.82,8.82,8.82,8.82,1300.0,1559520000.0,SIDEWAY
HWS,2019,6,6,2,23,4,Thursday,2019-06-06,8.9,8.9,8.82,8.82,25800.0,1559779200.0,DOWNTREND
HWS,2019,7,15,3,29,1,Monday,2019-07-15,7.04,7.04,7.04,7.04,3000.0,1563148800.0,SIDEWAY
HWS,2019,7,16,3,29,2,Tuesday,2019-07-16,7.2,7.2,7.2,7.2,5700.0,1563235200.0,SIDEWAY
HWS,2019,7,17,3,29,3,Wednesday,2019-07-17,7.2,7.2,7.2,7.2,4200.0,1563321600.0,SIDEWAY
HWS,2019,8,23,3,34,5,Friday,2019-08-23,10.02,10.02,10.02,10.02,100.0,1566518400.0,SIDEWAY
HWS,2019,8,26,3,35,1,Monday,2019-08-26,11.51,11.51,11.51,11.51,1600.0,1566777600.0,SIDEWAY
HWS,2019,8,27,3,35,2,Tuesday,2019-08-27,13.16,13.16,13.16,13.16,6700.0,1566864000.0,SIDEWAY
HWS,2019,8,28,3,35,3,Wednesday,2019-08-28,14.32,14.73,14.32,14.73,1800.0,1566950400.0,UPTREND
HWS,2019,8,29,3,35,4,Thursday,2019-08-29,14.73,14.73,14.48,14.48,2700.0,1567036800.0,DOWNTREND
HWS,2019,8,30,3,35,5,Friday,2019-08-30,15.73,15.73,15.73,15.73,100.0,1567123200.0,SIDEWAY
HWS,2019,9,5,3,36,4,Thursday,2019-09-05,15.15,17.96,15.15,15.73,1800.0,1567641600.0,UPTREND
HWS,2019,9,10,3,37,2,Tuesday,2019-09-10,14.73,14.73,13.41,13.41,400.0,1568073600.0,DOWNTREND
HWS,2019,9,11,3,37,3,Wednesday,2019-09-11,14.4,14.4,14.4,14.4,1000.0,1568160000.0,SIDEWAY
HWS,2019,9,12,3,37,4,Thursday,2019-09-12,14.4,14.4,14.4,14.4,100.0,1568246400.0,SIDEWAY
HWS,2019,9,17,3,38,2,Tuesday,2019-09-17,12.25,12.25,12.25,12.25,500.0,1568678400.0,SIDEWAY
HWS,2019,9,18,3,38,3,Wednesday,2019-09-18,10.43,10.51,10.43,10.51,500.0,1568764800.0,UPTREND
HWS,2019,9,19,3,38,4,Thursday,2019-09-19,9.93,9.93,8.94,9.11,1800.0,1568851200.0,DOWNTREND
HWS,2019,9,20,3,38,5,Friday,2019-09-20,9.93,10.6,9.93,10.6,10100.0,1568937600.0,UPTREND
HWS,2019,9,23,3,39,1,Monday,2019-09-23,8.44,8.61,8.44,8.61,27000.0,1569196800.0,UPTREND
HWS,2019,9,24,3,39,2,Tuesday,2019-09-24,8.94,8.94,8.94,8.94,10000.0,1569283200.0,SIDEWAY
HWS,2019,9,25,3,39,3,Wednesday,2019-09-25,9.11,9.27,9.11,9.27,101300.0,1569369600.0,UPTREND
HWS,2019,9,26,3,39,4,Thursday,2019-09-26,9.27,10.6,9.27,10.6,300.0,1569456000.0,UPTREND
HWS,2019,9,27,3,39,5,Friday,2019-09-27,10.51,10.51,10.51,10.51,100.0,1569542400.0,SIDEWAY
HWS,2019,9,30,3,40,1,Monday,2019-09-30,9.19,9.19,9.19,9.19,29000.0,1569801600.0,SIDEWAY
HWS,2019,10,1,4,40,2,Tuesday,2019-10-01,10.35,10.35,10.35,10.35,100.0,1569888000.0,SIDEWAY
HWS,2019,10,3,4,40,4,Thursday,2019-10-03,9.93,9.93,9.93,9.93,2000.0,1570060800.0,SIDEWAY
HWS,2019,10,4,4,40,5,Friday,2019-10-04,10.35,10.35,10.35,10.35,100.0,1570147200.0,SIDEWAY
HWS,2019,10,11,4,41,5,Friday,2019-10-11,9.19,9.19,9.19,9.19,9500.0,1570752000.0,SIDEWAY
HWS,2019,10,17,4,42,4,Thursday,2019-10-17,9.6,9.6,9.27,9.27,7700.0,1571270400.0,DOWNTREND
HWS,2019,10,21,4,43,1,Monday,2019-10-21,9.93,9.93,9.93,9.93,100.0,1571616000.0,SIDEWAY
HWS,2019,10,23,4,43,3,Wednesday,2019-10-23,9.77,10.43,9.35,9.35,4100.0,1571788800.0,DOWNTREND
HWS,2019,10,25,4,43,5,Friday,2019-10-25,10.26,10.26,10.26,10.26,100.0,1571961600.0,SIDEWAY
HWS,2019,10,28,4,44,1,Monday,2019-10-28,9.6,10.26,9.6,10.26,6700.0,1572220800.0,UPTREND
HWS,2019,10,29,4,44,2,Tuesday,2019-10-29,10.26,10.26,10.26,10.26,100.0,1572307200.0,SIDEWAY
HWS,2019,10,30,4,44,3,Wednesday,2019-10-30,10.26,10.26,10.26,10.26,4500.0,1572393600.0,SIDEWAY
HWS,2019,10,31,4,44,4,Thursday,2019-10-31,10.43,10.43,10.43,10.43,35700.0,1572480000.0,SIDEWAY
HWS,2019,11,1,4,44,5,Friday,2019-11-01,11.18,11.18,11.18,11.18,100.0,1572566400.0,SIDEWAY
HWS,2019,11,5,4,45,2,Tuesday,2019-11-05,9.85,9.85,9.85,9.85,4700.0,1572912000.0,SIDEWAY
HWS,2019,11,7,4,45,4,Thursday,2019-11-07,9.85,9.85,9.85,9.85,200.0,1573084800.0,SIDEWAY
HWS,2019,11,14,4,46,4,Thursday,2019-11-14,10.6,10.6,9.93,9.93,5100.0,1573689600.0,DOWNTREND
HWS,2019,12,17,4,51,2,Tuesday,2019-12-17,9.77,9.77,9.77,9.77,200.0,1576540800.0,SIDEWAY
HWS,2019,12,23,4,52,1,Monday,2019-12-23,9.69,9.69,9.69,9.69,200.0,1577059200.0,SIDEWAY
HWS,2019,12,31,4,1,2,Tuesday,2019-12-31,9.77,9.77,9.77,9.77,200.0,1577750400.0,SIDEWAY
HWS,2020,1,2,1,1,4,Thursday,2020-01-02,9.77,9.77,9.77,9.77,100.0,1577923200.0,SIDEWAY
HWS,2020,1,3,1,1,5,Friday,2020-01-03,9.93,9.93,9.93,9.93,12500.0,1578009600.0,SIDEWAY
HWS,2020,1,9,1,2,4,Thursday,2020-01-09,11.42,11.42,11.42,11.42,1400.0,1578528000.0,SIDEWAY
HWS,2020,1,14,1,3,2,Tuesday,2020-01-14,9.77,9.77,9.77,9.77,5000.0,1578960000.0,SIDEWAY
HWS,2020,1,21,1,4,2,Tuesday,2020-01-21,9.93,9.93,9.93,9.93,300.0,1579564800.0,SIDEWAY
HWS,2020,1,30,1,5,4,Thursday,2020-01-30,10.6,10.6,10.6,10.6,5000.0,1580342400.0,SIDEWAY
HWS,2020,2,17,1,8,1,Monday,2020-02-17,9.85,9.85,9.85,9.85,100.0,1581897600.0,SIDEWAY
HWS,2020,2,18,1,8,2,Tuesday,2020-02-18,9.85,9.85,9.85,9.85,100.0,1581984000.0,SIDEWAY
HWS,2020,2,26,1,9,3,Wednesday,2020-02-26,9.85,9.85,9.85,9.85,200.0,1582675200.0,SIDEWAY
HWS,2020,2,28,1,9,5,Friday,2020-02-28,9.85,9.85,9.85,9.85,100.0,1582848000.0,SIDEWAY
HWS,2020,3,2,1,10,1,Monday,2020-03-02,9.85,9.85,9.85,9.85,100.0,1583107200.0,SIDEWAY
HWS,2020,3,5,1,10,4,Thursday,2020-03-05,9.85,10.35,9.85,10.35,1000.0,1583366400.0,UPTREND
HWS,2020,3,11,1,11,3,Wednesday,2020-03-11,9.93,9.93,9.93,9.93,100.0,1583884800.0,SIDEWAY
HWS,2020,3,12,1,11,4,Thursday,2020-03-12,9.93,9.93,9.93,9.93,100.0,1583971200.0,SIDEWAY
HWS,2020,3,13,1,11,5,Friday,2020-03-13,9.93,9.93,9.93,9.93,20700.0,1584057600.0,SIDEWAY
HWS,2020,3,16,1,12,1,Monday,2020-03-16,9.93,9.93,9.93,9.93,300.0,1584316800.0,SIDEWAY
HWS,2020,3,17,1,12,2,Tuesday,2020-03-17,9.93,9.93,9.93,9.93,5000.0,1584403200.0,SIDEWAY
HWS,2020,3,18,1,12,3,Wednesday,2020-03-18,9.93,9.93,9.93,9.93,100.0,1584489600.0,SIDEWAY
HWS,2020,3,19,1,12,4,Thursday,2020-03-19,9.93,9.93,9.93,9.93,100.0,1584576000.0,SIDEWAY
HWS,2020,3,20,1,12,5,Friday,2020-03-20,9.93,9.93,9.93,9.93,400.0,1584662400.0,SIDEWAY
HWS,2020,3,23,1,13,1,Monday,2020-03-23,8.69,8.69,8.69,8.69,700.0,1584921600.0,SIDEWAY
HWS,2020,3,27,1,13,5,Friday,2020-03-27,9.93,9.93,9.93,9.93,100.0,1585267200.0,SIDEWAY
HWS,2020,3,31,1,14,2,Tuesday,2020-03-31,8.44,8.44,8.44,8.44,100.0,1585612800.0,SIDEWAY
HWS,2020,4,3,2,14,5,Friday,2020-04-03,9.69,9.69,9.69,9.69,100.0,1585872000.0,SIDEWAY
HWS,2020,4,8,2,15,3,Wednesday,2020-04-08,9.69,9.69,9.69,9.69,200.0,1586304000.0,SIDEWAY
HWS,2020,4,13,2,16,1,Monday,2020-04-13,9.69,9.69,9.69,9.69,1000.0,1586736000.0,SIDEWAY
HWS,2020,4,15,2,16,3,Wednesday,2020-04-15,8.69,8.69,8.69,8.69,500.0,1586908800.0,SIDEWAY
HWS,2020,4,16,2,16,4,Thursday,2020-04-16,9.93,9.93,9.93,9.93,100.0,1586995200.0,SIDEWAY
HWS,2020,4,20,2,17,1,Monday,2020-04-20,8.86,8.86,8.86,8.86,200.0,1587340800.0,SIDEWAY
HWS,2020,4,21,2,17,2,Tuesday,2020-04-21,9.93,9.93,9.93,9.93,100.0,1587427200.0,SIDEWAY
HWS,2020,4,22,2,17,3,Wednesday,2020-04-22,10.35,10.35,10.35,10.35,100.0,1587513600.0,SIDEWAY
HWS,2020,4,24,2,17,5,Friday,2020-04-24,8.86,8.86,8.86,8.86,400.0,1587686400.0,SIDEWAY
HWS,2020,4,28,2,18,2,Tuesday,2020-04-28,9.11,9.11,9.11,9.11,500.0,1588032000.0,SIDEWAY
HWS,2020,4,29,2,18,3,Wednesday,2020-04-29,10.35,10.35,10.35,10.35,100.0,1588118400.0,SIDEWAY
HWS,2020,5,8,2,19,5,Friday,2020-05-08,9.93,9.93,9.85,9.85,9500.0,1588896000.0,DOWNTREND
HWS,2020,5,12,2,20,2,Tuesday,2020-05-12,9.93,9.93,9.93,9.93,1000.0,1589241600.0,SIDEWAY
HWS,2020,5,13,2,20,3,Wednesday,2020-05-13,10.26,10.26,9.93,9.93,900.0,1589328000.0,DOWNTREND
HWS,2020,5,21,2,21,4,Thursday,2020-05-21,10.1,10.1,10.1,10.1,100.0,1590019200.0,SIDEWAY
HWS,2020,5,22,2,21,5,Friday,2020-05-22,11.59,11.59,11.59,11.59,100.0,1590105600.0,SIDEWAY
HWS,2020,5,28,2,22,4,Thursday,2020-05-28,11.59,11.59,11.59,11.59,600.0,1590624000.0,SIDEWAY
HWS,2020,5,29,2,22,5,Friday,2020-05-29,12.83,12.83,12.83,12.83,100.0,1590710400.0,SIDEWAY
HWS,2020,6,3,2,23,3,Wednesday,2020-06-03,12.83,14.73,12.83,14.73,200.0,1591142400.0,UPTREND
HWS,2020,6,4,2,23,4,Thursday,2020-06-04,13.66,13.66,13.66,13.66,100.0,1591228800.0,SIDEWAY
HWS,2020,6,18,2,25,4,Thursday,2020-06-18,11.66,11.66,11.66,11.66,800.0,1592438400.0,SIDEWAY
HWS,2020,6,22,2,26,1,Monday,2020-06-22,10.01,10.01,10.01,10.01,100.0,1592784000.0,SIDEWAY
HWS,2020,6,24,2,26,3,Wednesday,2020-06-24,11.49,11.49,11.49,11.49,100.0,1592956800.0,SIDEWAY
HWS,2020,6,26,2,26,5,Friday,2020-06-26,11.49,11.49,11.49,11.49,100.0,1593129600.0,SIDEWAY
HWS,2020,6,29,2,27,1,Monday,2020-06-29,12.27,12.27,12.27,12.27,1000.0,1593388800.0,SIDEWAY
HWS,2020,6,30,2,27,2,Tuesday,2020-06-30,12.01,12.01,12.01,12.01,100.0,1593475200.0,SIDEWAY
HWS,2020,7,1,3,27,3,Wednesday,2020-07-01,10.44,11.49,10.44,11.49,3400.0,1593561600.0,UPTREND
HWS,2020,7,3,3,27,5,Friday,2020-07-03,9.57,10.53,9.57,10.53,600.0,1593734400.0,UPTREND
HWS,2020,7,6,3,28,1,Monday,2020-07-06,9.57,9.57,9.57,9.57,1700.0,1593993600.0,SIDEWAY
HWS,2020,7,7,3,28,2,Tuesday,2020-07-07,9.31,9.57,9.31,9.57,600.0,1594080000.0,UPTREND
HWS,2020,7,8,3,28,3,Wednesday,2020-07-08,10.79,10.79,10.79,10.79,700.0,1594166400.0,SIDEWAY
HWS,2020,7,13,3,29,1,Monday,2020-07-13,9.4,10.7,9.22,10.7,1300.0,1594598400.0,UPTREND
HWS,2020,7,15,3,29,3,Wednesday,2020-07-15,10.01,10.01,10.01,10.01,100.0,1594771200.0,SIDEWAY
HWS,2020,7,17,3,29,5,Friday,2020-07-17,11.31,11.31,11.31,11.31,100.0,1594944000.0,SIDEWAY
HWS,2020,7,22,3,30,3,Wednesday,2020-07-22,9.83,9.83,9.83,9.83,43300.0,1595376000.0,SIDEWAY
HWS,2020,7,23,3,30,4,Thursday,2020-07-23,10.01,10.01,10.01,10.01,30000.0,1595462400.0,SIDEWAY
HWS,2020,7,24,3,30,5,Friday,2020-07-24,9.57,10.01,9.57,10.01,1000.0,1595548800.0,UPTREND
HWS,2020,7,27,3,31,1,Monday,2020-07-27,10.01,10.01,10.01,10.01,200.0,1595808000.0,SIDEWAY
HWS,2020,7,28,3,31,2,Tuesday,2020-07-28,10.01,10.01,10.01,10.01,1000.0,1595894400.0,SIDEWAY
HWS,2020,7,29,3,31,3,Wednesday,2020-07-29,10.01,10.01,9.14,9.14,1300.0,1595980800.0,DOWNTREND
HWS,2020,8,3,3,32,1,Monday,2020-08-03,9.14,9.14,9.14,9.14,300.0,1596412800.0,SIDEWAY
HWS,2020,8,7,3,32,5,Friday,2020-08-07,9.31,9.31,9.31,9.31,200.0,1596758400.0,SIDEWAY
HWS,2020,8,10,3,33,1,Monday,2020-08-10,9.31,9.31,9.31,9.31,500.0,1597017600.0,SIDEWAY
HWS,2020,8,11,3,33,2,Tuesday,2020-08-11,9.57,9.57,9.57,9.57,100.0,1597104000.0,SIDEWAY
HWS,2020,8,19,3,34,3,Wednesday,2020-08-19,9.31,9.57,9.31,9.57,10400.0,1597795200.0,UPTREND
HWS,2020,8,21,3,34,5,Friday,2020-08-21,9.57,9.57,9.57,9.57,100.0,1597968000.0,SIDEWAY
HWS,2020,8,24,3,35,1,Monday,2020-08-24,10.44,10.44,10.44,10.44,100.0,1598227200.0,SIDEWAY
HWS,2020,8,27,3,35,4,Thursday,2020-08-27,10.01,10.01,10.01,10.01,500.0,1598486400.0,SIDEWAY
HWS,2020,8,31,3,36,1,Monday,2020-08-31,10.01,10.01,10.01,10.01,500.0,1598832000.0,SIDEWAY
HWS,2020,9,3,3,36,4,Thursday,2020-09-03,10.01,10.18,10.01,10.18,600.0,1599091200.0,UPTREND
HWS,2020,9,7,3,37,1,Monday,2020-09-07,9.57,10.44,9.57,10.44,6700.0,1599436800.0,UPTREND
HWS,2020,9,8,3,37,2,Tuesday,2020-09-08,10.44,10.44,10.44,10.44,17000.0,1599523200.0,SIDEWAY
HWS,2020,9,22,3,39,2,Tuesday,2020-09-22,9.57,9.57,9.57,9.57,13800.0,1600732800.0,SIDEWAY
HWS,2020,9,25,3,39,5,Friday,2020-09-25,10.44,10.44,10.44,10.44,100.0,1600992000.0,SIDEWAY
HWS,2020,10,6,4,41,2,Tuesday,2020-10-06,9.57,9.57,9.57,9.57,7300.0,1601942400.0,SIDEWAY
HWS,2020,10,8,4,41,4,Thursday,2020-10-08,9.57,9.57,9.57,9.57,200.0,1602115200.0,SIDEWAY
HWS,2020,10,15,4,42,4,Thursday,2020-10-15,9.57,9.57,9.57,9.57,500.0,1602720000.0,SIDEWAY
HWS,2020,10,23,4,43,5,Friday,2020-10-23,9.57,9.57,9.57,9.57,500.0,1603411200.0,SIDEWAY
HWS,2020,10,26,4,44,1,Monday,2020-10-26,9.14,9.48,9.14,9.48,1400.0,1603670400.0,UPTREND
HWS,2020,11,3,4,45,2,Tuesday,2020-11-03,9.48,9.48,9.48,9.48,900.0,1604361600.0,SIDEWAY
HWS,2020,11,4,4,45,3,Wednesday,2020-11-04,9.48,9.48,9.48,9.48,1000.0,1604448000.0,SIDEWAY
HWS,2020,11,5,4,45,4,Thursday,2020-11-05,9.66,9.66,9.66,9.66,1000.0,1604534400.0,SIDEWAY
HWS,2020,11,6,4,45,5,Friday,2020-11-06,9.66,9.66,9.66,9.66,2000.0,1604620800.0,SIDEWAY
HWS,2020,11,9,4,46,1,Monday,2020-11-09,9.57,9.57,9.48,9.48,2600.0,1604880000.0,DOWNTREND
HWS,2020,11,12,4,46,4,Thursday,2020-11-12,9.57,9.57,9.57,9.57,100.0,1605139200.0,SIDEWAY
HWS,2020,11,18,4,47,3,Wednesday,2020-11-18,9.57,9.57,9.57,9.57,300.0,1605657600.0,SIDEWAY
HWS,2020,11,20,4,47,5,Friday,2020-11-20,9.74,9.74,9.66,9.74,700.0,1605830400.0,SIDEWAY
HWS,2020,11,23,4,48,1,Monday,2020-11-23,9.57,9.57,9.57,9.57,3000.0,1606089600.0,SIDEWAY
HWS,2020,11,24,4,48,2,Tuesday,2020-11-24,9.57,9.57,9.57,9.57,1000.0,1606176000.0,SIDEWAY
HWS,2020,11,27,4,48,5,Friday,2020-11-27,9.57,9.57,9.57,9.57,1000.0,1606435200.0,SIDEWAY
HWS,2020,11,30,4,49,1,Monday,2020-11-30,9.74,9.74,9.74,9.74,1600.0,1606694400.0,SIDEWAY
HWS,2020,12,1,4,49,2,Tuesday,2020-12-01,9.74,9.74,9.74,9.74,500.0,1606780800.0,SIDEWAY
HWS,2020,12,2,4,49,3,Wednesday,2020-12-02,9.4,9.74,9.4,9.74,10500.0,1606867200.0,UPTREND
HWS,2020,12,3,4,49,4,Thursday,2020-12-03,9.83,9.83,9.83,9.83,100.0,1606953600.0,SIDEWAY
HWS,2020,12,7,4,50,1,Monday,2020-12-07,9.66,9.66,9.66,9.66,10500.0,1607299200.0,SIDEWAY
HWS,2020,12,10,4,50,4,Thursday,2020-12-10,9.74,9.83,9.74,9.83,1100.0,1607558400.0,UPTREND
HWS,2020,12,14,4,51,1,Monday,2020-12-14,10.01,10.01,10.01,10.01,100.0,1607904000.0,SIDEWAY
HWS,2020,12,18,4,51,5,Friday,2020-12-18,10.01,10.01,10.01,10.01,6100.0,1608249600.0,SIDEWAY
HWS,2020,12,22,4,52,2,Tuesday,2020-12-22,10.01,10.01,10.01,10.01,100.0,1608595200.0,SIDEWAY
HWS,2020,12,25,4,52,5,Friday,2020-12-25,9.57,9.57,9.57,9.57,1000.0,1608854400.0,SIDEWAY
HWS,2020,12,28,4,53,1,Monday,2020-12-28,9.57,9.57,9.57,9.57,1000.0,1609113600.0,SIDEWAY
HWS,2020,12,31,4,53,4,Thursday,2020-12-31,9.57,9.57,9.57,9.57,300.0,1609372800.0,SIDEWAY
HWS,2021,1,4,1,1,1,Monday,2021-01-04,9.57,9.57,9.57,9.57,1200.0,1609718400.0,SIDEWAY
HWS,2021,1,5,1,1,2,Tuesday,2021-01-05,9.57,9.57,9.57,9.57,1500.0,1609804800.0,SIDEWAY
HWS,2021,1,8,1,1,5,Friday,2021-01-08,9.57,9.57,9.57,9.57,1000.0,1610064000.0,SIDEWAY
HWS,2021,1,11,1,2,1,Monday,2021-01-11,9.57,9.57,9.57,9.57,300.0,1610323200.0,SIDEWAY
HWS,2021,1,12,1,2,2,Tuesday,2021-01-12,9.57,9.57,9.57,9.57,800.0,1610409600.0,SIDEWAY
HWS,2021,1,20,1,3,3,Wednesday,2021-01-20,8.18,9.14,8.18,9.14,1100.0,1611100800.0,UPTREND
HWS,2021,1,21,1,3,4,Thursday,2021-01-21,9.57,9.57,9.57,9.57,500.0,1611187200.0,SIDEWAY
HWS,2021,1,27,1,4,3,Wednesday,2021-01-27,10.01,10.01,10.01,10.01,100.0,1611705600.0,SIDEWAY
HWS,2021,2,3,1,5,3,Wednesday,2021-02-03,10.44,10.44,10.44,10.44,3200.0,1612310400.0,SIDEWAY
HWS,2021,2,4,1,5,4,Thursday,2021-02-04,10.44,10.44,10.44,10.44,1200.0,1612396800.0,SIDEWAY
HWS,2021,2,9,1,6,2,Tuesday,2021-02-09,10.44,10.44,10.44,10.44,300.0,1612828800.0,SIDEWAY
HWS,2021,2,26,1,8,5,Friday,2021-02-26,10.01,10.01,10.01,10.01,2300.0,1614297600.0,SIDEWAY
HWS,2021,3,1,1,9,1,Monday,2021-03-01,10.01,10.44,10.01,10.44,800.0,1614556800.0,UPTREND
HWS,2021,3,2,1,9,2,Tuesday,2021-03-02,10.44,10.44,10.44,10.44,100.0,1614643200.0,SIDEWAY
HWS,2021,3,4,1,9,4,Thursday,2021-03-04,10.44,10.44,9.74,9.74,5700.0,1614816000.0,DOWNTREND
HWS,2021,3,5,1,9,5,Friday,2021-03-05,10.44,10.44,10.44,10.44,100.0,1614902400.0,SIDEWAY
HWS,2021,3,9,1,10,2,Tuesday,2021-03-09,10.01,10.01,10.01,10.01,700.0,1615248000.0,SIDEWAY
HWS,2021,3,10,1,10,3,Wednesday,2021-03-10,10.44,10.44,10.01,10.01,500.0,1615334400.0,DOWNTREND
HWS,2021,3,12,1,10,5,Friday,2021-03-12,10.01,10.01,10.01,10.01,400.0,1615507200.0,SIDEWAY
HWS,2021,3,15,1,11,1,Monday,2021-03-15,10.27,10.27,10.27,10.27,1200.0,1615766400.0,SIDEWAY
HWS,2021,3,16,1,11,2,Tuesday,2021-03-16,10.44,10.44,10.27,10.27,600.0,1615852800.0,DOWNTREND
HWS,2021,3,17,1,11,3,Wednesday,2021-03-17,10.27,10.44,10.27,10.44,900.0,1615939200.0,UPTREND
HWS,2021,3,18,1,11,4,Thursday,2021-03-18,10.35,10.35,10.35,10.35,1000.0,1616025600.0,SIDEWAY
HWS,2021,3,22,1,12,1,Monday,2021-03-22,10.88,10.88,10.88,10.88,600.0,1616371200.0,SIDEWAY
HWS,2021,3,23,1,12,2,Tuesday,2021-03-23,10.44,10.44,10.44,10.44,600.0,1616457600.0,SIDEWAY
HWS,2021,3,24,1,12,3,Wednesday,2021-03-24,10.88,10.88,10.88,10.88,400.0,1616544000.0,SIDEWAY
HWS,2021,3,25,1,12,4,Thursday,2021-03-25,10.44,10.44,10.44,10.44,600.0,1616630400.0,SIDEWAY
HWS,2021,3,26,1,12,5,Friday,2021-03-26,10.27,10.27,10.01,10.01,600.0,1616716800.0,DOWNTREND
HWS,2021,3,29,1,13,1,Monday,2021-03-29,10.01,10.01,10.01,10.01,400.0,1616976000.0,SIDEWAY
HWS,2021,3,30,1,13,2,Tuesday,2021-03-30,10.09,10.09,10.09,10.09,100.0,1617062400.0,SIDEWAY
HWS,2021,4,1,2,13,4,Thursday,2021-04-01,10.88,11.31,10.88,11.31,1200.0,1617235200.0,UPTREND
HWS,2021,4,13,2,15,2,Tuesday,2021-04-13,11.14,11.14,10.88,10.88,1100.0,1618272000.0,DOWNTREND
HWS,2021,4,15,2,15,4,Thursday,2021-04-15,10.88,10.88,10.88,10.88,1000.0,1618444800.0,SIDEWAY
HWS,2021,4,19,2,16,1,Monday,2021-04-19,10.88,10.88,10.88,10.88,500.0,1618790400.0,SIDEWAY
HWS,2021,4,20,2,16,2,Tuesday,2021-04-20,10.88,10.88,10.88,10.88,200.0,1618876800.0,SIDEWAY
HWS,2021,4,26,2,17,1,Monday,2021-04-26,10.44,10.44,10.44,10.44,1000.0,1619395200.0,SIDEWAY
HWS,2021,4,27,2,17,2,Tuesday,2021-04-27,10.44,10.88,10.44,10.88,800.0,1619481600.0,UPTREND
HWS,2021,5,4,2,18,2,Tuesday,2021-05-04,10.79,10.88,10.79,10.88,600.0,1620086400.0,UPTREND
HWS,2021,5,5,2,18,3,Wednesday,2021-05-05,10.18,10.44,10.18,10.44,12600.0,1620172800.0,UPTREND
HWS,2021,5,7,2,18,5,Friday,2021-05-07,10.18,10.18,10.18,10.18,4400.0,1620345600.0,SIDEWAY
HWS,2021,5,10,2,19,1,Monday,2021-05-10,10.88,10.88,10.18,10.18,4700.0,1620604800.0,DOWNTREND
HWS,2021,5,11,2,19,2,Tuesday,2021-05-11,10.09,10.09,10.09,10.09,1900.0,1620691200.0,SIDEWAY
HWS,2021,5,14,2,19,5,Friday,2021-05-14,10.35,10.35,10.35,10.35,100.0,1620950400.0,SIDEWAY
HWS,2021,5,17,2,20,1,Monday,2021-05-17,10.44,10.44,10.44,10.44,2500.0,1621209600.0,SIDEWAY
HWS,2021,5,18,2,20,2,Tuesday,2021-05-18,10.01,10.44,10.01,10.44,5500.0,1621296000.0,UPTREND
HWS,2021,5,19,2,20,3,Wednesday,2021-05-19,10.35,10.53,10.35,10.53,5600.0,1621382400.0,UPTREND
HWS,2021,5,20,2,20,4,Thursday,2021-05-20,10.62,10.62,10.62,10.62,100.0,1621468800.0,SIDEWAY
HWS,2021,5,26,2,21,3,Wednesday,2021-05-26,10.62,10.62,10.62,10.62,100.0,1621987200.0,SIDEWAY
HWS,2021,5,28,2,21,5,Friday,2021-05-28,10.18,10.18,10.18,10.18,100.0,1622160000.0,SIDEWAY
HWS,2021,6,1,2,22,2,Tuesday,2021-06-01,10.62,10.62,10.62,10.62,100.0,1622505600.0,SIDEWAY
HWS,2021,6,2,2,22,3,Wednesday,2021-06-02,10.62,10.62,10.53,10.62,500.0,1622592000.0,SIDEWAY
HWS,2021,6,3,2,22,4,Thursday,2021-06-03,10.18,10.18,10.18,10.18,2000.0,1622678400.0,SIDEWAY
HWS,2021,6,4,2,22,5,Friday,2021-06-04,10.44,10.44,10.44,10.44,1800.0,1622764800.0,SIDEWAY
HWS,2021,6,8,2,23,2,Tuesday,2021-06-08,10.27,10.27,10.27,10.27,1200.0,1623110400.0,SIDEWAY
HWS,2021,6,11,2,23,5,Friday,2021-06-11,10.18,10.18,10.18,10.18,1000.0,1623369600.0,SIDEWAY
HWS,2021,6,17,2,24,4,Thursday,2021-06-17,10.44,10.44,10.44,10.44,300.0,1623888000.0,SIDEWAY
HWS,2021,6,25,2,25,5,Friday,2021-06-25,10.44,10.44,10.44,10.44,100.0,1624579200.0,SIDEWAY
HWS,2021,7,5,3,27,1,Monday,2021-07-05,10.88,11.05,10.88,10.96,3300.0,1625443200.0,UPTREND
HWS,2021,7,6,3,27,2,Tuesday,2021-07-06,10.88,10.96,10.79,10.79,3300.0,1625529600.0,DOWNTREND
HWS,2021,7,7,3,27,3,Wednesday,2021-07-07,10.53,10.88,10.53,10.88,2300.0,1625616000.0,UPTREND
HWS,2021,7,8,3,27,4,Thursday,2021-07-08,10.88,10.88,10.88,10.88,100.0,1625702400.0,SIDEWAY
HWS,2021,7,9,3,27,5,Friday,2021-07-09,10.88,10.88,10.88,10.88,100.0,1625788800.0,SIDEWAY
HWS,2021,7,12,3,28,1,Monday,2021-07-12,10.96,10.96,10.96,10.96,2500.0,1626048000.0,SIDEWAY
HWS,2021,7,14,3,28,3,Wednesday,2021-07-14,11.05,11.4,10.96,11.4,1800.0,1626220800.0,UPTREND
HWS,2021,7,15,3,28,4,Thursday,2021-07-15,11.66,11.66,11.57,11.57,1300.0,1626307200.0,DOWNTREND
HWS,2021,7,16,3,28,5,Friday,2021-07-16,13.34,13.34,13.34,13.34,100.0,1626393600.0,SIDEWAY
HWS,2021,7,19,3,29,1,Monday,2021-07-19,11.38,11.38,11.38,11.38,200.0,1626652800.0,SIDEWAY
HWS,2021,7,22,3,29,4,Thursday,2021-07-22,11.48,11.48,11.48,11.48,100.0,1626912000.0,SIDEWAY
HWS,2021,7,26,3,30,1,Monday,2021-07-26,10.82,11.48,9.8,11.48,5100.0,1627257600.0,UPTREND
HWS,2021,7,27,3,30,2,Tuesday,2021-07-27,11.94,11.94,11.94,11.94,100.0,1627344000.0,SIDEWAY
HWS,2021,7,28,3,30,3,Wednesday,2021-07-28,13.62,13.62,11.48,11.66,1100.0,1627430400.0,DOWNTREND
HWS,2021,7,29,3,30,4,Thursday,2021-07-29,13.53,13.53,11.2,11.2,1400.0,1627516800.0,DOWNTREND
HWS,2021,7,30,3,30,5,Friday,2021-07-30,13.06,13.06,11.38,11.38,1300.0,1627603200.0,DOWNTREND
HWS,2021,8,2,3,31,1,Monday,2021-08-02,10.82,11.1,10.82,10.82,7300.0,1627862400.0,SIDEWAY
HWS,2021,8,3,3,31,2,Tuesday,2021-08-03,11.01,11.01,11.01,11.01,300.0,1627948800.0,SIDEWAY
HWS,2021,8,4,3,31,3,Wednesday,2021-08-04,11.01,11.2,11.01,11.2,600.0,1628035200.0,UPTREND
HWS,2021,8,5,3,31,4,Thursday,2021-08-05,11.01,11.1,11.01,11.1,600.0,1628121600.0,UPTREND
HWS,2021,8,6,3,31,5,Friday,2021-08-06,11.1,11.1,11.01,11.1,700.0,1628208000.0,SIDEWAY
HWS,2021,8,9,3,32,1,Monday,2021-08-09,11.2,11.2,11.2,11.2,200.0,1628467200.0,SIDEWAY
HWS,2021,8,10,3,32,2,Tuesday,2021-08-10,11.01,11.01,11.01,11.01,2800.0,1628553600.0,SIDEWAY
HWS,2021,8,11,3,32,3,Wednesday,2021-08-11,11.2,11.2,11.2,11.2,200.0,1628640000.0,SIDEWAY
HWS,2021,8,12,3,32,4,Thursday,2021-08-12,11.2,11.2,11.2,11.2,200.0,1628726400.0,SIDEWAY
HWS,2021,8,13,3,32,5,Friday,2021-08-13,10.73,11.01,10.73,11.01,500.0,1628812800.0,UPTREND
HWS,2021,8,16,3,33,1,Monday,2021-08-16,10.92,11.1,10.92,11.1,2300.0,1629072000.0,UPTREND
HWS,2021,8,17,3,33,2,Tuesday,2021-08-17,10.92,11.01,10.92,11.01,1600.0,1629158400.0,UPTREND
HWS,2021,8,20,3,33,5,Friday,2021-08-20,11.1,11.1,11.01,11.01,200.0,1629417600.0,DOWNTREND
HWS,2021,8,23,3,34,1,Monday,2021-08-23,11.01,11.01,11.01,11.01,500.0,1629676800.0,SIDEWAY
HWS,2021,8,24,3,34,2,Tuesday,2021-08-24,11.01,11.01,11.01,11.01,1200.0,1629763200.0,SIDEWAY
HWS,2021,8,25,3,34,3,Wednesday,2021-08-25,11.01,11.01,10.92,11.01,1000.0,1629849600.0,SIDEWAY
HWS,2021,8,26,3,34,4,Thursday,2021-08-26,10.92,10.92,10.92,10.92,1100.0,1629936000.0,SIDEWAY
HWS,2021,8,27,3,34,5,Friday,2021-08-27,11.01,11.1,10.92,10.92,2900.0,1630022400.0,DOWNTREND
HWS,2021,8,30,3,35,1,Monday,2021-08-30,11.1,11.29,11.1,11.2,7100.0,1630281600.0,UPTREND
HWS,2021,8,31,3,35,2,Tuesday,2021-08-31,11.29,11.48,11.29,11.48,3200.0,1630368000.0,UPTREND
HWS,2021,9,1,3,35,3,Wednesday,2021-09-01,11.57,11.57,11.57,11.57,600.0,1630454400.0,SIDEWAY
HWS,2021,9,6,3,36,1,Monday,2021-09-06,11.38,11.85,11.38,11.85,2300.0,1630886400.0,UPTREND
HWS,2021,9,7,3,36,2,Tuesday,2021-09-07,11.85,11.85,11.85,11.85,800.0,1630972800.0,SIDEWAY
HWS,2021,9,8,3,36,3,Wednesday,2021-09-08,11.66,11.66,10.92,11.01,3500.0,1631059200.0,DOWNTREND
HWS,2021,9,9,3,36,4,Thursday,2021-09-09,11.1,11.2,11.1,11.2,1000.0,1631145600.0,UPTREND
HWS,2021,9,10,3,36,5,Friday,2021-09-10,11.1,11.2,11.1,11.2,1100.0,1631232000.0,UPTREND
HWS,2021,9,13,3,37,1,Monday,2021-09-13,11.2,11.29,11.2,11.29,600.0,1631491200.0,UPTREND
HWS,2021,9,14,3,37,2,Tuesday,2021-09-14,11.29,11.66,11.29,11.57,1200.0,1631577600.0,UPTREND
HWS,2021,9,15,3,37,3,Wednesday,2021-09-15,11.48,11.66,11.48,11.48,3400.0,1631664000.0,SIDEWAY
HWS,2021,9,16,3,37,4,Thursday,2021-09-16,10.82,11.48,10.82,11.48,6900.0,1631750400.0,UPTREND
HWS,2021,9,17,3,37,5,Friday,2021-09-17,11.01,11.01,11.01,11.01,1600.0,1631836800.0,SIDEWAY
HWS,2021,9,20,3,38,1,Monday,2021-09-20,11.01,11.85,11.01,11.76,1500.0,1632096000.0,UPTREND
HWS,2021,9,21,3,38,2,Tuesday,2021-09-21,11.76,11.76,11.66,11.66,2200.0,1632182400.0,DOWNTREND
HWS,2021,9,22,3,38,3,Wednesday,2021-09-22,11.66,11.66,11.48,11.66,4100.0,1632268800.0,SIDEWAY
HWS,2021,9,23,3,38,4,Thursday,2021-09-23,11.57,11.57,11.57,11.57,500.0,1632355200.0,SIDEWAY
HWS,2021,9,24,3,38,5,Friday,2021-09-24,11.1,11.1,11.1,11.1,300.0,1632441600.0,SIDEWAY
HWS,2021,9,27,3,39,1,Monday,2021-09-27,12.32,12.32,12.13,12.13,600.0,1632700800.0,DOWNTREND
HWS,2021,9,28,3,39,2,Tuesday,2021-09-28,12.13,12.22,11.2,12.22,2600.0,1632787200.0,UPTREND
HWS,2021,9,29,3,39,3,Wednesday,2021-09-29,12.22,12.22,12.22,12.22,100.0,1632873600.0,SIDEWAY
HWS,2021,9,30,3,39,4,Thursday,2021-09-30,12.88,12.88,12.88,12.88,100.0,1632960000.0,SIDEWAY
HWS,2021,10,5,4,40,2,Tuesday,2021-10-05,11.94,12.69,11.94,12.69,2600.0,1633392000.0,UPTREND
HWS,2021,10,6,4,40,3,Wednesday,2021-10-06,11.85,12.41,11.1,11.2,15200.0,1633478400.0,DOWNTREND
HWS,2021,10,7,4,40,4,Thursday,2021-10-07,11.2,11.29,11.2,11.29,12100.0,1633564800.0,UPTREND
HWS,2021,10,8,4,40,5,Friday,2021-10-08,11.29,11.29,11.2,11.2,13300.0,1633651200.0,DOWNTREND
HWS,2021,10,11,4,41,1,Monday,2021-10-11,11.2,11.2,11.2,11.2,1200.0,1633910400.0,SIDEWAY
HWS,2021,10,12,4,41,2,Tuesday,2021-10-12,11.2,11.2,11.2,11.2,10100.0,1633996800.0,SIDEWAY
HWS,2021,10,13,4,41,3,Wednesday,2021-10-13,11.38,11.38,11.2,11.29,18200.0,1634083200.0,DOWNTREND
HWS,2021,10,14,4,41,4,Thursday,2021-10-14,11.29,11.48,11.29,11.48,19800.0,1634169600.0,UPTREND
HWS,2021,10,15,4,41,5,Friday,2021-10-15,11.38,11.66,11.38,11.66,10000.0,1634256000.0,UPTREND
HWS,2021,10,18,4,42,1,Monday,2021-10-18,13.06,13.06,11.66,11.66,700.0,1634515200.0,DOWNTREND
HWS,2021,10,19,4,42,2,Tuesday,2021-10-19,13.72,13.72,11.29,11.66,3200.0,1634601600.0,DOWNTREND
HWS,2021,10,20,4,42,3,Wednesday,2021-10-20,13.25,13.25,11.2,11.48,3200.0,1634688000.0,DOWNTREND
HWS,2021,10,21,4,42,4,Thursday,2021-10-21,11.2,11.48,11.2,11.48,900.0,1634774400.0,UPTREND
HWS,2021,10,22,4,42,5,Friday,2021-10-22,11.38,11.38,9.7,11.2,18000.0,1634860800.0,DOWNTREND
HWS,2021,10,25,4,43,1,Monday,2021-10-25,11.1,11.48,11.1,11.48,2800.0,1635120000.0,UPTREND
HWS,2021,10,26,4,43,2,Tuesday,2021-10-26,11.2,11.29,11.2,11.29,8100.0,1635206400.0,UPTREND
HWS,2021,10,27,4,43,3,Wednesday,2021-10-27,11.2,11.48,11.1,11.2,12900.0,1635292800.0,SIDEWAY
HWS,2021,10,28,4,43,4,Thursday,2021-10-28,11.2,11.2,11.01,11.2,2300.0,1635379200.0,SIDEWAY
HWS,2021,10,29,4,43,5,Friday,2021-10-29,11.2,11.94,11.2,11.66,16700.0,1635465600.0,UPTREND
HWS,2021,11,1,4,44,1,Monday,2021-11-01,11.66,11.66,11.2,11.2,25700.0,1635724800.0,DOWNTREND
HWS,2021,11,2,4,44,2,Tuesday,2021-11-02,11.29,11.48,11.29,11.48,12100.0,1635811200.0,UPTREND
HWS,2021,11,3,4,44,3,Wednesday,2021-11-03,11.38,11.66,11.38,11.57,7300.0,1635897600.0,UPTREND
HWS,2021,11,4,4,44,4,Thursday,2021-11-04,11.38,11.48,11.38,11.48,4400.0,1635984000.0,UPTREND
HWS,2021,11,5,4,44,5,Friday,2021-11-05,11.48,11.66,11.48,11.48,17400.0,1636070400.0,SIDEWAY
HWS,2021,11,8,4,45,1,Monday,2021-11-08,11.48,11.66,11.38,11.57,17800.0,1636329600.0,UPTREND
HWS,2021,11,9,4,45,2,Tuesday,2021-11-09,11.85,11.85,11.57,11.57,14700.0,1636416000.0,DOWNTREND
HWS,2021,11,10,4,45,3,Wednesday,2021-11-10,11.57,11.85,11.57,11.85,44300.0,1636502400.0,UPTREND
HWS,2021,11,11,4,45,4,Thursday,2021-11-11,11.85,12.6,11.85,12.6,20600.0,1636588800.0,UPTREND
HWS,2021,11,12,4,45,5,Friday,2021-11-12,12.32,13.44,12.22,13.44,4200.0,1636675200.0,UPTREND
HWS,2021,11,15,4,46,1,Monday,2021-11-15,12.6,13.16,12.5,12.97,10800.0,1636934400.0,UPTREND
HWS,2021,11,16,4,46,2,Tuesday,2021-11-16,12.41,13.53,12.41,13.06,17600.0,1637020800.0,UPTREND
HWS,2021,11,17,4,46,3,Wednesday,2021-11-17,12.88,13.06,12.88,12.97,8100.0,1637107200.0,UPTREND
HWS,2021,11,18,4,46,4,Thursday,2021-11-18,12.6,12.97,12.32,12.97,7600.0,1637193600.0,UPTREND
HWS,2021,11,19,4,46,5,Friday,2021-11-19,12.69,12.97,12.32,12.32,14900.0,1637280000.0,DOWNTREND
HWS,2021,11,22,4,47,1,Monday,2021-11-22,12.5,12.6,12.13,12.13,8400.0,1637539200.0,DOWNTREND
HWS,2021,11,23,4,47,2,Tuesday,2021-11-23,12.22,13.25,12.22,13.25,1100.0,1637625600.0,UPTREND
HWS,2021,11,24,4,47,3,Wednesday,2021-11-24,12.6,12.6,12.22,12.6,9900.0,1637712000.0,SIDEWAY
HWS,2021,11,25,4,47,4,Thursday,2021-11-25,12.88,12.97,12.6,12.97,3900.0,1637798400.0,UPTREND
HWS,2021,11,26,4,47,5,Friday,2021-11-26,12.22,12.5,12.22,12.5,4700.0,1637884800.0,UPTREND
HWS,2021,11,29,4,48,1,Monday,2021-11-29,12.5,12.5,12.5,12.5,100.0,1638144000.0,SIDEWAY
HWS,2021,11,30,4,48,2,Tuesday,2021-11-30,12.32,12.41,12.13,12.41,6700.0,1638230400.0,UPTREND
HWS,2021,12,1,4,48,3,Wednesday,2021-12-01,12.32,12.32,12.32,12.32,500.0,1638316800.0,SIDEWAY
HWS,2021,12,2,4,48,4,Thursday,2021-12-02,12.41,12.88,12.41,12.88,4000.0,1638403200.0,UPTREND
HWS,2021,12,3,4,48,5,Friday,2021-12-03,12.69,13.06,12.69,12.88,5100.0,1638489600.0,UPTREND
HWS,2021,12,6,4,49,1,Monday,2021-12-06,12.88,13.34,12.78,12.88,9500.0,1638748800.0,SIDEWAY
HWS,2021,12,7,4,49,2,Tuesday,2021-12-07,12.78,12.97,12.6,12.97,4100.0,1638835200.0,UPTREND
HWS,2021,12,8,4,49,3,Wednesday,2021-12-08,12.6,12.6,12.41,12.41,200.0,1638921600.0,DOWNTREND
HWS,2021,12,9,4,49,4,Thursday,2021-12-09,12.5,12.88,12.5,12.88,2400.0,1639008000.0,UPTREND
HWS,2021,12,10,4,49,5,Friday,2021-12-10,12.5,12.5,12.5,12.5,500.0,1639094400.0,SIDEWAY
HWS,2021,12,13,4,50,1,Monday,2021-12-13,12.6,12.88,12.6,12.6,2600.0,1639353600.0,SIDEWAY
HWS,2021,12,14,4,50,2,Tuesday,2021-12-14,13.06,13.06,12.6,12.97,3300.0,1639440000.0,DOWNTREND
HWS,2021,12,15,4,50,3,Wednesday,2021-12-15,12.97,13.06,12.88,13.06,15700.0,1639526400.0,UPTREND
HWS,2021,12,17,4,50,5,Friday,2021-12-17,12.6,12.88,12.41,12.88,4200.0,1639699200.0,UPTREND
HWS,2021,12,20,4,51,1,Monday,2021-12-20,12.69,12.69,12.69,12.69,11500.0,1639958400.0,SIDEWAY
HWS,2021,12,21,4,51,2,Tuesday,2021-12-21,12.78,12.78,12.78,12.78,500.0,1640044800.0,SIDEWAY
HWS,2021,12,22,4,51,3,Wednesday,2021-12-22,12.78,12.78,12.32,12.78,4800.0,1640131200.0,SIDEWAY
HWS,2021,12,23,4,51,4,Thursday,2021-12-23,12.78,12.88,12.78,12.88,10100.0,1640217600.0,UPTREND
HWS,2021,12,24,4,51,5,Friday,2021-12-24,12.88,12.88,12.78,12.88,2600.0,1640304000.0,SIDEWAY
HWS,2021,12,27,4,52,1,Monday,2021-12-27,12.97,13.06,12.97,12.97,2100.0,1640563200.0,SIDEWAY
HWS,2021,12,28,4,52,2,Tuesday,2021-12-28,12.88,13.06,12.88,13.06,7800.0,1640649600.0,UPTREND
HWS,2021,12,29,4,52,3,Wednesday,2021-12-29,13.06,13.34,13.06,13.34,2100.0,1640736000.0,UPTREND
HWS,2021,12,30,4,52,4,Thursday,2021-12-30,13.06,13.25,12.32,13.06,3900.0,1640822400.0,SIDEWAY
HWS,2021,12,31,4,52,5,Friday,2021-12-31,13.06,13.06,13.06,13.06,7600.0,1640908800.0,SIDEWAY
HWS,2022,1,4,1,1,2,Tuesday,2022-01-04,13.06,13.06,12.78,12.97,20600.0,1641254400.0,DOWNTREND
HWS,2022,1,5,1,1,3,Wednesday,2022-01-05,12.6,12.78,12.41,12.78,2400.0,1641340800.0,UPTREND
HWS,2022,1,6,1,1,4,Thursday,2022-01-06,13.25,13.53,12.78,12.78,2300.0,1641427200.0,DOWNTREND
HWS,2022,1,7,1,1,5,Friday,2022-01-07,13.44,13.44,13.06,13.06,2900.0,1641513600.0,DOWNTREND
HWS,2022,1,12,1,2,3,Wednesday,2022-01-12,12.97,12.97,12.97,12.97,200.0,1641945600.0,SIDEWAY
HWS,2022,1,14,1,2,5,Friday,2022-01-14,12.6,13.06,12.6,12.6,1200.0,1642118400.0,SIDEWAY
HWS,2022,1,17,1,3,1,Monday,2022-01-17,12.69,12.88,12.69,12.88,200.0,1642377600.0,UPTREND
HWS,2022,1,19,1,3,3,Wednesday,2022-01-19,12.6,14.37,11.66,12.78,14600.0,1642550400.0,UPTREND
HWS,2022,1,20,1,3,4,Thursday,2022-01-20,12.78,13.34,12.78,13.34,5300.0,1642636800.0,UPTREND
HWS,2022,1,21,1,3,5,Friday,2022-01-21,13.34,13.34,13.34,13.34,100.0,1642723200.0,SIDEWAY
HWS,2022,1,26,1,4,3,Wednesday,2022-01-26,12.6,12.6,12.6,12.6,3700.0,1643155200.0,SIDEWAY
HWS,2022,1,27,1,4,4,Thursday,2022-01-27,12.6,12.6,12.6,12.6,600.0,1643241600.0,SIDEWAY
HWS,2022,1,28,1,4,5,Friday,2022-01-28,12.32,12.32,12.32,12.32,2000.0,1643328000.0,SIDEWAY
HWS,2022,2,7,1,6,1,Monday,2022-02-07,12.6,12.6,12.6,12.6,1900.0,1644192000.0,SIDEWAY
HWS,2022,2,8,1,6,2,Tuesday,2022-02-08,12.6,12.6,11.76,11.76,3800.0,1644278400.0,DOWNTREND
HWS,2022,2,9,1,6,3,Wednesday,2022-02-09,12.97,12.97,12.97,12.97,100.0,1644364800.0,SIDEWAY
HWS,2022,2,11,1,6,5,Friday,2022-02-11,13.06,13.06,12.88,13.06,8500.0,1644537600.0,SIDEWAY
HWS,2022,2,14,1,7,1,Monday,2022-02-14,12.6,12.6,12.6,12.6,100.0,1644796800.0,SIDEWAY
HWS,2022,2,15,1,7,2,Tuesday,2022-02-15,13.06,13.06,13.06,13.06,100.0,1644883200.0,SIDEWAY
HWS,2022,2,17,1,7,4,Thursday,2022-02-17,13.06,13.06,12.6,12.88,1800.0,1645056000.0,DOWNTREND
HWS,2022,2,18,1,7,5,Friday,2022-02-18,13.06,13.06,12.6,12.6,1200.0,1645142400.0,DOWNTREND
HWS,2022,2,22,1,8,2,Tuesday,2022-02-22,12.5,12.78,12.5,12.78,1400.0,1645488000.0,UPTREND
HWS,2022,2,23,1,8,3,Wednesday,2022-02-23,12.97,13.62,12.97,13.44,21000.0,1645574400.0,UPTREND
HWS,2022,2,24,1,8,4,Thursday,2022-02-24,13.06,13.06,13.06,13.06,100.0,1645660800.0,SIDEWAY
HWS,2022,2,28,1,9,1,Monday,2022-02-28,12.69,12.69,12.69,12.69,200.0,1646006400.0,SIDEWAY
HWS,2022,3,1,1,9,2,Tuesday,2022-03-01,12.97,13.44,12.97,13.06,12800.0,1646092800.0,UPTREND
HWS,2022,3,2,1,9,3,Wednesday,2022-03-02,13.06,13.06,13.06,13.06,503.0,1646179200.0,SIDEWAY
HWS,2022,3,3,1,9,4,Thursday,2022-03-03,12.88,12.88,12.88,12.88,2000.0,1646265600.0,SIDEWAY
HWS,2022,3,4,1,9,5,Friday,2022-03-04,12.69,13.06,12.69,13.06,400.0,1646352000.0,UPTREND
HWS,2022,3,9,1,10,3,Wednesday,2022-03-09,12.88,12.97,12.88,12.97,2800.0,1646784000.0,UPTREND
HWS,2022,3,10,1,10,4,Thursday,2022-03-10,12.97,12.97,11.66,12.6,7900.0,1646870400.0,DOWNTREND
HWS,2022,3,11,1,10,5,Friday,2022-03-11,12.6,12.6,12.6,12.6,4900.0,1646956800.0,SIDEWAY
HWS,2022,3,14,1,11,1,Monday,2022-03-14,12.6,12.6,12.5,12.5,2000.0,1647216000.0,DOWNTREND
HWS,2022,3,15,1,11,2,Tuesday,2022-03-15,12.5,12.5,12.5,12.5,100.0,1647302400.0,SIDEWAY
HWS,2022,3,16,1,11,3,Wednesday,2022-03-16,12.5,12.5,12.5,12.5,2000.0,1647388800.0,SIDEWAY
HWS,2022,3,17,1,11,4,Thursday,2022-03-17,12.69,12.69,12.69,12.69,200.0,1647475200.0,SIDEWAY
HWS,2022,3,21,1,12,1,Monday,2022-03-21,12.5,12.69,12.5,12.69,6000.0,1647820800.0,UPTREND
HWS,2022,3,22,1,12,2,Tuesday,2022-03-22,12.97,12.97,12.97,12.97,100.0,1647907200.0,SIDEWAY
HWS,2022,3,24,1,12,4,Thursday,2022-03-24,12.88,12.97,12.88,12.97,300.0,1648080000.0,UPTREND
HWS,2022,3,25,1,12,5,Friday,2022-03-25,12.6,12.88,12.5,12.88,700.0,1648166400.0,UPTREND
HWS,2022,3,28,1,13,1,Monday,2022-03-28,12.5,12.6,12.5,12.6,11600.0,1648425600.0,UPTREND
HWS,2022,3,29,1,13,2,Tuesday,2022-03-29,12.6,12.69,12.6,12.69,5000.0,1648512000.0,UPTREND
HWS,2022,3,31,1,13,4,Thursday,2022-03-31,12.97,12.97,12.69,12.69,500.0,1648684800.0,DOWNTREND
HWS,2022,4,1,2,13,5,Friday,2022-04-01,12.88,12.88,12.78,12.78,3300.0,1648771200.0,DOWNTREND
HWS,2022,4,4,2,14,1,Monday,2022-04-04,12.78,13.25,12.78,13.25,1100.0,1649030400.0,UPTREND
HWS,2022,4,5,2,14,2,Tuesday,2022-04-05,12.78,12.78,12.78,12.78,14600.0,1649116800.0,SIDEWAY
HWS,2022,4,6,2,14,3,Wednesday,2022-04-06,12.78,12.78,12.78,12.78,2800.0,1649203200.0,SIDEWAY
HWS,2022,4,7,2,14,4,Thursday,2022-04-07,12.78,12.78,12.78,12.78,2000.0,1649289600.0,SIDEWAY
HWS,2022,4,13,2,15,3,Wednesday,2022-04-13,12.78,12.88,12.69,12.69,3600.0,1649808000.0,DOWNTREND
HWS,2022,4,14,2,15,4,Thursday,2022-04-14,12.78,12.78,12.78,12.78,1700.0,1649894400.0,SIDEWAY
HWS,2022,4,15,2,15,5,Friday,2022-04-15,12.69,12.69,12.69,12.69,3000.0,1649980800.0,SIDEWAY
HWS,2022,4,18,2,16,1,Monday,2022-04-18,12.6,12.6,12.32,12.32,4400.0,1650240000.0,DOWNTREND
HWS,2022,4,19,2,16,2,Tuesday,2022-04-19,12.6,12.6,12.6,12.6,1000.0,1650326400.0,SIDEWAY
HWS,2022,4,20,2,16,3,Wednesday,2022-04-20,12.13,12.6,12.13,12.6,8100.0,1650412800.0,UPTREND
HWS,2022,4,21,2,16,4,Thursday,2022-04-21,12.13,12.32,12.13,12.13,2100.0,1650499200.0,SIDEWAY
HWS,2022,4,22,2,16,5,Friday,2022-04-22,11.66,12.22,11.66,12.22,5600.0,1650585600.0,UPTREND
HWS,2022,4,25,2,17,1,Monday,2022-04-25,12.32,12.32,11.94,12.13,6000.0,1650844800.0,DOWNTREND
HWS,2022,4,26,2,17,2,Tuesday,2022-04-26,12.13,12.13,12.13,12.13,1900.0,1650931200.0,SIDEWAY
HWS,2022,4,27,2,17,3,Wednesday,2022-04-27,12.13,12.13,11.1,11.94,7300.0,1651017600.0,DOWNTREND
HWS,2022,4,28,2,17,4,Thursday,2022-04-28,12.04,12.04,12.04,12.04,3000.0,1651104000.0,SIDEWAY
HWS,2022,4,29,2,17,5,Friday,2022-04-29,12.13,12.13,12.13,12.13,3500.0,1651190400.0,SIDEWAY
HWS,2022,5,4,2,18,3,Wednesday,2022-05-04,12.04,12.04,12.04,12.04,2100.0,1651622400.0,SIDEWAY
HWS,2022,5,5,2,18,4,Thursday,2022-05-05,12.04,12.04,11.94,12.04,3900.0,1651708800.0,SIDEWAY
HWS,2022,5,10,2,19,2,Tuesday,2022-05-10,12.04,12.04,11.85,11.85,2600.0,1652140800.0,DOWNTREND
HWS,2022,5,11,2,19,3,Wednesday,2022-05-11,11.94,11.94,11.94,11.94,900.0,1652227200.0,SIDEWAY
HWS,2022,5,12,2,19,4,Thursday,2022-05-12,12.04,12.04,12.04,12.04,1100.0,1652313600.0,SIDEWAY
HWS,2022,5,13,2,19,5,Friday,2022-05-13,12.04,12.04,12.04,12.04,2000.0,1652400000.0,SIDEWAY
HWS,2022,5,16,2,20,1,Monday,2022-05-16,11.29,11.29,11.2,11.2,9000.0,1652659200.0,DOWNTREND
HWS,2022,5,17,2,20,2,Tuesday,2022-05-17,11.66,11.66,11.66,11.66,500.0,1652745600.0,SIDEWAY
HWS,2022,5,19,2,20,4,Thursday,2022-05-19,11.66,11.66,11.66,11.66,300.0,1652918400.0,SIDEWAY
HWS,2022,5,20,2,20,5,Friday,2022-05-20,11.85,11.85,11.66,11.66,200.0,1653004800.0,DOWNTREND
HWS,2022,5,24,2,21,2,Tuesday,2022-05-24,11.76,11.76,11.48,11.48,3200.0,1653350400.0,DOWNTREND
HWS,2022,5,25,2,21,3,Wednesday,2022-05-25,11.2,11.2,10.26,10.26,6700.0,1653436800.0,DOWNTREND
HWS,2022,5,26,2,21,4,Thursday,2022-05-26,11.76,11.94,11.76,11.94,2900.0,1653523200.0,UPTREND
HWS,2022,6,1,2,22,3,Wednesday,2022-06-01,11.85,11.85,11.66,11.66,5600.0,1654041600.0,DOWNTREND
HWS,2022,6,2,2,22,4,Thursday,2022-06-02,11.85,11.85,11.85,11.85,900.0,1654128000.0,SIDEWAY
HWS,2022,6,3,2,22,5,Friday,2022-06-03,12.13,12.88,12.13,12.88,12700.0,1654214400.0,UPTREND
HWS,2022,6,6,2,23,1,Monday,2022-06-06,12.78,12.88,12.78,12.88,5100.0,1654473600.0,UPTREND
HWS,2022,6,7,2,23,2,Tuesday,2022-06-07,13.06,13.06,12.88,12.88,2200.0,1654560000.0,DOWNTREND
HWS,2022,6,8,2,23,3,Wednesday,2022-06-08,12.88,12.88,12.88,12.88,100.0,1654646400.0,SIDEWAY
HWS,2022,6,9,2,23,4,Thursday,2022-06-09,12.88,13.25,12.88,13.25,9200.0,1654732800.0,UPTREND
HWS,2022,6,10,2,23,5,Friday,2022-06-10,12.41,12.41,12.41,12.41,300.0,1654819200.0,SIDEWAY
HWS,2022,6,16,2,24,4,Thursday,2022-06-16,11.76,12.5,11.66,12.5,700.0,1655337600.0,UPTREND
HWS,2022,6,17,2,24,5,Friday,2022-06-17,11.66,12.41,11.66,12.41,4100.0,1655424000.0,UPTREND
HWS,2022,6,20,2,25,1,Monday,2022-06-20,12.13,12.13,12.13,12.13,100.0,1655683200.0,SIDEWAY
HWS,2022,6,22,2,25,3,Wednesday,2022-06-22,11.76,11.76,11.48,11.48,2900.0,1655856000.0,DOWNTREND
HWS,2022,6,23,2,25,4,Thursday,2022-06-23,11.57,11.57,11.57,11.57,200.0,1655942400.0,SIDEWAY
HWS,2022,6,27,2,26,1,Monday,2022-06-27,12.13,12.13,12.13,12.13,2600.0,1656288000.0,SIDEWAY
HWS,2022,6,28,2,26,2,Tuesday,2022-06-28,12.13,12.13,12.13,12.13,1300.0,1656374400.0,SIDEWAY
HWS,2022,6,30,2,26,4,Thursday,2022-06-30,12.5,12.5,12.5,12.5,100.0,1656547200.0,SIDEWAY
HWS,2022,7,4,3,27,1,Monday,2022-07-04,12.5,12.5,12.5,12.5,500.0,1656892800.0,SIDEWAY
HWS,2022,7,7,3,27,4,Thursday,2022-07-07,12.22,12.22,12.22,12.22,100.0,1657152000.0,SIDEWAY
HWS,2022,7,11,3,28,1,Monday,2022-07-11,11.29,11.29,11.29,11.29,200.0,1657497600.0,SIDEWAY
HWS,2022,7,12,3,28,2,Tuesday,2022-07-12,12.32,12.32,12.32,12.32,100.0,1657584000.0,SIDEWAY
HWS,2022,7,13,3,28,3,Wednesday,2022-07-13,12.5,12.5,12.5,12.5,100.0,1657670400.0,SIDEWAY
HWS,2022,7,14,3,28,4,Thursday,2022-07-14,11.29,11.29,11.2,11.2,5100.0,1657756800.0,DOWNTREND
HWS,2022,7,15,3,28,5,Friday,2022-07-15,11.29,11.29,11.29,11.29,200.0,1657843200.0,SIDEWAY
HWS,2022,7,18,3,29,1,Monday,2022-07-18,12.22,12.22,12.22,12.22,100.0,1658102400.0,SIDEWAY
HWS,2022,7,20,3,29,3,Wednesday,2022-07-20,12.22,12.22,12.22,12.22,500.0,1658275200.0,SIDEWAY
HWS,2022,7,22,3,29,5,Friday,2022-07-22,11.2,11.2,11.2,11.2,10000.0,1658448000.0,SIDEWAY
HWS,2022,7,25,3,30,1,Monday,2022-07-25,11.66,12.13,11.66,12.13,1000.0,1658707200.0,UPTREND
HWS,2022,7,27,3,30,3,Wednesday,2022-07-27,12.04,12.04,12.04,12.04,1000.0,1658880000.0,SIDEWAY
HWS,2022,7,28,3,30,4,Thursday,2022-07-28,11.66,11.66,10.26,11.66,6800.0,1658966400.0,SIDEWAY
HWS,2022,7,29,3,30,5,Friday,2022-07-29,10.26,12.04,10.26,12.04,3900.0,1659052800.0,UPTREND
HWS,2022,8,1,3,31,1,Monday,2022-08-01,11.38,11.38,11.2,11.2,900.0,1659312000.0,DOWNTREND
HWS,2022,8,2,3,31,2,Tuesday,2022-08-02,11.29,11.29,11.2,11.2,5100.0,1659398400.0,DOWNTREND
HWS,2022,8,3,3,31,3,Wednesday,2022-08-03,11.29,11.29,11.2,11.2,2100.0,1659484800.0,DOWNTREND
HWS,2022,8,4,3,31,4,Thursday,2022-08-04,11.29,11.29,11.29,11.29,1200.0,1659571200.0,SIDEWAY
HWS,2022,8,5,3,31,5,Friday,2022-08-05,11.66,11.66,11.66,11.66,200.0,1659657600.0,SIDEWAY
HWS,2022,8,8,3,32,1,Monday,2022-08-08,11.2,11.94,11.2,11.94,200.0,1659916800.0,UPTREND
HWS,2022,8,10,3,32,3,Wednesday,2022-08-10,11.57,11.57,11.57,11.57,1000.0,1660089600.0,SIDEWAY
HWS,2022,8,11,3,32,4,Thursday,2022-08-11,11.57,11.57,11.2,11.2,2100.0,1660176000.0,DOWNTREND
HWS,2022,8,12,3,32,5,Friday,2022-08-12,11.57,11.66,11.57,11.57,4700.0,1660262400.0,SIDEWAY
HWS,2022,8,15,3,33,1,Monday,2022-08-15,11.2,11.76,11.2,11.76,8700.0,1660521600.0,UPTREND
HWS,2022,8,16,3,33,2,Tuesday,2022-08-16,11.57,11.57,11.57,11.57,300.0,1660608000.0,SIDEWAY
HWS,2022,8,18,3,33,4,Thursday,2022-08-18,11.38,11.38,11.29,11.29,5600.0,1660780800.0,DOWNTREND
HWS,2022,8,19,3,33,5,Friday,2022-08-19,11.2,11.66,9.61,11.29,4100.0,1660867200.0,UPTREND
HWS,2022,8,22,3,34,1,Monday,2022-08-22,11.2,11.76,11.2,11.48,10900.0,1661126400.0,UPTREND
HWS,2022,8,23,3,34,2,Tuesday,2022-08-23,11.76,11.76,11.76,11.76,800.0,1661212800.0,SIDEWAY
HWS,2022,8,24,3,34,3,Wednesday,2022-08-24,11.66,11.66,11.66,11.66,700.0,1661299200.0,SIDEWAY
HWS,2022,8,25,3,34,4,Thursday,2022-08-25,11.66,11.66,11.66,11.66,400.0,1661385600.0,SIDEWAY
HWS,2022,8,26,3,34,5,Friday,2022-08-26,11.66,11.76,11.66,11.76,13100.0,1661472000.0,UPTREND
HWS,2022,8,29,3,35,1,Monday,2022-08-29,11.76,11.76,11.76,11.76,1200.0,1661731200.0,SIDEWAY
HWS,2022,8,30,3,35,2,Tuesday,2022-08-30,11.85,12.13,11.85,12.13,3300.0,1661817600.0,UPTREND
HWS,2022,8,31,3,35,3,Wednesday,2022-08-31,12.6,12.6,12.6,12.6,4800.0,1661904000.0,SIDEWAY
HWS,2022,9,5,3,36,1,Monday,2022-09-05,12.5,12.5,12.5,12.5,100.0,1662336000.0,SIDEWAY
HWS,2022,9,8,3,36,4,Thursday,2022-09-08,12.5,12.6,12.5,12.6,1100.0,1662595200.0,UPTREND
HWS,2022,9,9,3,36,5,Friday,2022-09-09,13.06,13.06,13.06,13.06,100.0,1662681600.0,SIDEWAY
HWS,2022,9,12,3,37,1,Monday,2022-09-12,11.57,11.57,11.57,11.57,5900.0,1662940800.0,SIDEWAY
HWS,2022,9,13,3,37,2,Tuesday,2022-09-13,11.85,11.85,11.85,11.85,100.0,1663027200.0,SIDEWAY
HWS,2022,9,14,3,37,3,Wednesday,2022-09-14,12.2,12.2,12.2,12.2,600.0,1663113600.0,SIDEWAY
HWS,2022,9,15,3,37,4,Thursday,2022-09-15,12.2,12.2,12.2,12.2,900.0,1663200000.0,SIDEWAY
HWS,2022,9,20,3,38,2,Tuesday,2022-09-20,12.3,12.4,12.3,12.4,3500.0,1663632000.0,UPTREND
HWS,2022,9,21,3,38,3,Wednesday,2022-09-21,12.4,12.4,12.4,12.4,900.0,1663718400.0,SIDEWAY
HWS,2022,9,22,3,38,4,Thursday,2022-09-22,12.4,12.5,12.4,12.4,1200.0,1663804800.0,SIDEWAY
HWS,2022,9,23,3,38,5,Friday,2022-09-23,12.4,12.5,12.4,12.5,200.0,1663891200.0,UPTREND
HWS,2022,9,26,3,39,1,Monday,2022-09-26,12.0,12.0,12.0,12.0,300.0,1664150400.0,SIDEWAY
HWS,2022,9,27,3,39,2,Tuesday,2022-09-27,11.9,11.9,11.9,11.9,100.0,1664236800.0,SIDEWAY
HWS,2022,10,3,4,40,1,Monday,2022-10-03,12.2,12.3,12.0,12.0,2500.0,1664755200.0,DOWNTREND
HWS,2022,10,4,4,40,2,Tuesday,2022-10-04,12.7,13.4,12.7,13.4,3900.0,1664841600.0,UPTREND
HWS,2022,10,5,4,40,3,Wednesday,2022-10-05,12.5,12.5,12.5,12.5,700.0,1664928000.0,SIDEWAY
HWS,2022,10,6,4,40,4,Thursday,2022-10-06,12.2,12.2,12.1,12.1,400.0,1665014400.0,DOWNTREND
HWS,2022,10,7,4,40,5,Friday,2022-10-07,12.0,12.0,12.0,12.0,1000.0,1665100800.0,SIDEWAY
HWS,2022,10,10,4,41,1,Monday,2022-10-10,11.0,12.0,11.0,12.0,3700.0,1665360000.0,UPTREND
HWS,2022,10,11,4,41,2,Tuesday,2022-10-11,11.8,11.8,11.8,11.8,700.0,1665446400.0,SIDEWAY
HWS,2022,10,12,4,41,3,Wednesday,2022-10-12,11.9,11.9,11.9,11.9,1100.0,1665532800.0,SIDEWAY
HWS,2022,10,14,4,41,5,Friday,2022-10-14,11.5,11.7,11.5,11.7,2700.0,1665705600.0,UPTREND
HWS,2022,10,17,4,42,1,Monday,2022-10-17,11.6,11.6,11.6,11.6,2000.0,1665964800.0,SIDEWAY
HWS,2022,10,18,4,42,2,Tuesday,2022-10-18,11.5,11.6,11.5,11.6,700.0,1666051200.0,UPTREND
HWS,2022,10,19,4,42,3,Wednesday,2022-10-19,11.6,11.6,11.0,11.6,7000.0,1666137600.0,SIDEWAY
HWS,2022,10,20,4,42,4,Thursday,2022-10-20,11.0,11.5,11.0,11.5,200.0,1666224000.0,UPTREND
HWS,2022,10,24,4,43,1,Monday,2022-10-24,11.5,11.5,11.0,11.0,8400.0,1666569600.0,DOWNTREND
HWS,2022,10,25,4,43,2,Tuesday,2022-10-25,11.0,11.0,11.0,11.0,11800.0,1666656000.0,SIDEWAY
HWS,2022,10,26,4,43,3,Wednesday,2022-10-26,11.0,11.0,11.0,11.0,2500.0,1666742400.0,SIDEWAY
HWS,2022,10,27,4,43,4,Thursday,2022-10-27,11.0,11.0,11.0,11.0,1000.0,1666828800.0,SIDEWAY
HWS,2022,10,28,4,43,5,Friday,2022-10-28,11.0,11.0,11.0,11.0,6800.0,1666915200.0,SIDEWAY
HWS,2022,10,31,4,44,1,Monday,2022-10-31,11.0,11.5,11.0,11.1,2900.0,1667174400.0,UPTREND
HWS,2022,11,1,4,44,2,Tuesday,2022-11-01,11.0,11.0,11.0,11.0,1100.0,1667260800.0,SIDEWAY
HWS,2022,11,2,4,44,3,Wednesday,2022-11-02,11.0,11.0,10.8,11.0,3900.0,1667347200.0,SIDEWAY
HWS,2022,11,3,4,44,4,Thursday,2022-11-03,10.8,10.9,10.8,10.9,4700.0,1667433600.0,UPTREND
HWS,2022,11,4,4,44,5,Friday,2022-11-04,10.8,10.8,10.8,10.8,200.0,1667520000.0,SIDEWAY
HWS,2022,11,7,4,45,1,Monday,2022-11-07,10.8,10.8,10.8,10.8,500.0,1667779200.0,SIDEWAY
HWS,2022,11,8,4,45,2,Tuesday,2022-11-08,10.2,10.4,10.2,10.4,5800.0,1667865600.0,UPTREND
HWS,2022,11,9,4,45,3,Wednesday,2022-11-09,10.0,10.5,10.0,10.5,1500.0,1667952000.0,UPTREND
HWS,2022,11,10,4,45,4,Thursday,2022-11-10,10.0,10.8,10.0,10.8,8300.0,1668038400.0,UPTREND
HWS,2022,11,11,4,45,5,Friday,2022-11-11,10.3,10.3,10.0,10.0,2000.0,1668124800.0,DOWNTREND
HWS,2022,11,14,4,46,1,Monday,2022-11-14,10.0,10.0,9.6,9.9,13100.0,1668384000.0,DOWNTREND
HWS,2022,11,15,4,46,2,Tuesday,2022-11-15,11.0,11.0,9.6,10.9,3700.0,1668470400.0,DOWNTREND
HWS,2022,11,16,4,46,3,Wednesday,2022-11-16,10.7,10.7,10.7,10.7,300.0,1668556800.0,SIDEWAY
HWS,2022,11,21,4,47,1,Monday,2022-11-21,10.0,10.5,10.0,10.5,400.0,1668988800.0,UPTREND
HWS,2022,11,22,4,47,2,Tuesday,2022-11-22,10.5,10.5,10.2,10.4,1400.0,1669075200.0,DOWNTREND
HWS,2022,11,23,4,47,3,Wednesday,2022-11-23,10.4,10.4,10.3,10.3,1900.0,1669161600.0,DOWNTREND
HWS,2022,11,24,4,47,4,Thursday,2022-11-24,10.0,10.0,10.0,10.0,500.0,1669248000.0,SIDEWAY
HWS,2022,11,25,4,47,5,Friday,2022-11-25,10.4,10.4,10.4,10.4,1200.0,1669334400.0,SIDEWAY
HWS,2022,11,28,4,48,1,Monday,2022-11-28,10.0,10.0,10.0,10.0,7500.0,1669593600.0,SIDEWAY
HWS,2022,11,29,4,48,2,Tuesday,2022-11-29,10.0,10.0,10.0,10.0,1200.0,1669680000.0,SIDEWAY
HWS,2022,11,30,4,48,3,Wednesday,2022-11-30,10.0,10.0,10.0,10.0,1500.0,1669766400.0,SIDEWAY
HWS,2022,12,1,4,48,4,Thursday,2022-12-01,10.0,10.2,10.0,10.0,17700.0,1669852800.0,SIDEWAY
HWS,2022,12,2,4,48,5,Friday,2022-12-02,10.0,10.0,9.8,10.0,7900.0,1669939200.0,SIDEWAY
HWS,2022,12,5,4,49,1,Monday,2022-12-05,10.0,10.0,10.0,10.0,8900.0,1670198400.0,SIDEWAY
HWS,2022,12,6,4,49,2,Tuesday,2022-12-06,10.0,10.0,10.0,10.0,1600.0,1670284800.0,SIDEWAY
HWS,2022,12,7,4,49,3,Wednesday,2022-12-07,10.0,10.0,10.0,10.0,1600.0,1670371200.0,SIDEWAY
HWS,2022,12,8,4,49,4,Thursday,2022-12-08,10.1,10.1,10.1,10.1,100.0,1670457600.0,SIDEWAY
HWS,2022,12,9,4,49,5,Friday,2022-12-09,10.1,10.1,10.1,10.1,8300.0,1670544000.0,SIDEWAY
HWS,2022,12,13,4,50,2,Tuesday,2022-12-13,10.1,10.1,10.1,10.1,1000.0,1670889600.0,SIDEWAY
HWS,2022,12,14,4,50,3,Wednesday,2022-12-14,10.5,10.5,10.1,10.1,1200.0,1670976000.0,DOWNTREND
HWS,2022,12,16,4,50,5,Friday,2022-12-16,10.5,10.5,10.5,10.5,100.0,1671148800.0,SIDEWAY
HWS,2022,12,19,4,51,1,Monday,2022-12-19,10.0,10.0,10.0,10.0,6400.0,1671408000.0,SIDEWAY
HWS,2022,12,20,4,51,2,Tuesday,2022-12-20,10.0,10.0,10.0,10.0,100.0,1671494400.0,SIDEWAY
HWS,2022,12,26,4,52,1,Monday,2022-12-26,10.0,10.0,10.0,10.0,11600.0,1672012800.0,SIDEWAY
HWS,2022,12,27,4,52,2,Tuesday,2022-12-27,10.0,10.1,9.8,10.1,35700.0,1672099200.0,UPTREND
HWS,2022,12,28,4,52,3,Wednesday,2022-12-28,10.0,10.0,10.0,10.0,5000.0,1672185600.0,SIDEWAY
HWS,2022,12,29,4,52,4,Thursday,2022-12-29,10.2,10.2,10.2,10.2,10000.0,1672272000.0,SIDEWAY
HWS,2022,12,30,4,52,5,Friday,2022-12-30,10.1,10.5,10.1,10.5,23500.0,1672358400.0,UPTREND
HWS,2023,1,4,1,1,3,Wednesday,2023-01-04,10.5,10.5,10.3,10.4,300.0,1672790400.0,DOWNTREND
HWS,2023,1,5,1,1,4,Thursday,2023-01-05,10.3,10.4,10.2,10.4,1700.0,1672876800.0,UPTREND
HWS,2023,1,6,1,1,5,Friday,2023-01-06,10.5,10.5,10.4,10.5,2800.0,1672963200.0,SIDEWAY
HWS,2023,1,9,1,2,1,Monday,2023-01-09,10.0,10.7,10.0,10.7,2000.0,1673222400.0,UPTREND
HWS,2023,1,10,1,2,2,Tuesday,2023-01-10,10.5,10.5,10.5,10.5,100.0,1673308800.0,SIDEWAY
HWS,2023,1,11,1,2,3,Wednesday,2023-01-11,11.0,11.0,11.0,11.0,200.0,1673395200.0,SIDEWAY
HWS,2023,1,12,1,2,4,Thursday,2023-01-12,10.2,11.9,10.2,11.2,1800.0,1673481600.0,UPTREND
HWS,2023,1,13,1,2,5,Friday,2023-01-13,11.2,11.2,11.2,11.2,2000.0,1673568000.0,SIDEWAY
HWS,2023,1,16,1,3,1,Monday,2023-01-16,11.0,11.0,11.0,11.0,100.0,1673827200.0,SIDEWAY
HWS,2023,1,17,1,3,2,Tuesday,2023-01-17,11.1,11.1,11.0,11.0,1600.0,1673913600.0,DOWNTREND
HWS,2023,1,18,1,3,3,Wednesday,2023-01-18,10.5,11.4,10.5,11.4,4100.0,1674000000.0,UPTREND
HWS,2023,1,19,1,3,4,Thursday,2023-01-19,10.6,11.4,10.6,11.4,400.0,1674086400.0,UPTREND
HWS,2023,1,27,1,4,5,Friday,2023-01-27,11.5,11.8,11.5,11.8,300.0,1674777600.0,UPTREND
HWS,2023,1,30,1,5,1,Monday,2023-01-30,11.0,11.5,11.0,11.5,200.0,1675036800.0,UPTREND
HWS,2023,1,31,1,5,2,Tuesday,2023-01-31,11.3,11.3,11.2,11.2,1200.0,1675123200.0,DOWNTREND
HWS,2023,2,1,1,5,3,Wednesday,2023-02-01,11.0,11.5,11.0,11.5,700.0,1675209600.0,UPTREND
HWS,2023,2,2,1,5,4,Thursday,2023-02-02,11.4,11.4,11.0,11.0,600.0,1675296000.0,DOWNTREND
HWS,2023,2,3,1,5,5,Friday,2023-02-03,11.0,11.0,11.0,11.0,5000.0,1675382400.0,SIDEWAY
HWS,2023,2,7,1,6,2,Tuesday,2023-02-07,11.3,11.3,11.3,11.3,400.0,1675728000.0,SIDEWAY
HWS,2023,2,8,1,6,3,Wednesday,2023-02-08,10.2,11.5,10.2,11.4,4200.0,1675814400.0,UPTREND
HWS,2023,2,9,1,6,4,Thursday,2023-02-09,10.7,10.7,10.7,10.7,100.0,1675900800.0,SIDEWAY
HWS,2023,2,13,1,7,1,Monday,2023-02-13,11.0,11.0,11.0,11.0,400.0,1676246400.0,SIDEWAY
HWS,2023,2,14,1,7,2,Tuesday,2023-02-14,10.7,11.5,10.7,11.5,300.0,1676332800.0,UPTREND
HWS,2023,2,15,1,7,3,Wednesday,2023-02-15,10.8,10.8,10.8,10.8,100.0,1676419200.0,SIDEWAY
HWS,2023,2,16,1,7,4,Thursday,2023-02-16,11.0,11.1,11.0,11.0,400.0,1676505600.0,SIDEWAY
HWS,2023,2,17,1,7,5,Friday,2023-02-17,11.5,11.5,11.0,11.0,300.0,1676592000.0,DOWNTREND
HWS,2023,2,20,1,8,1,Monday,2023-02-20,10.8,10.8,10.8,10.8,100.0,1676851200.0,SIDEWAY
HWS,2023,2,21,1,8,2,Tuesday,2023-02-21,11.5,11.5,11.0,11.0,1100.0,1676937600.0,DOWNTREND
HWS,2023,2,27,1,9,1,Monday,2023-02-27,11.0,11.0,11.0,11.0,1000.0,1677456000.0,SIDEWAY
HWS,2023,3,1,1,9,3,Wednesday,2023-03-01,11.5,11.5,10.8,10.8,300.0,1677628800.0,DOWNTREND
HWS,2023,3,3,1,9,5,Friday,2023-03-03,11.1,11.1,11.1,11.1,100.0,1677801600.0,SIDEWAY
HWS,2023,3,6,1,10,1,Monday,2023-03-06,11.1,11.1,11.0,11.0,3800.0,1678060800.0,DOWNTREND
HWS,2023,3,9,1,10,4,Thursday,2023-03-09,11.0,11.0,10.0,11.0,3500.0,1678320000.0,SIDEWAY
HWS,2023,3,13,1,11,1,Monday,2023-03-13,10.9,11.0,10.9,11.0,900.0,1678665600.0,UPTREND
HWS,2023,3,15,1,11,3,Wednesday,2023-03-15,11.3,11.5,11.3,11.5,2600.0,1678838400.0,UPTREND
HWS,2023,3,17,1,11,5,Friday,2023-03-17,11.0,11.1,11.0,11.1,6300.0,1679011200.0,UPTREND
HWS,2023,3,20,1,12,1,Monday,2023-03-20,11.5,11.5,11.0,11.5,1400.0,1679270400.0,SIDEWAY
HWS,2023,3,21,1,12,2,Tuesday,2023-03-21,11.0,11.0,11.0,11.0,2000.0,1679356800.0,SIDEWAY
HWS,2023,3,24,1,12,5,Friday,2023-03-24,11.1,11.1,11.1,11.1,100.0,1679616000.0,SIDEWAY
HWS,2023,3,28,1,13,2,Tuesday,2023-03-28,11.1,11.2,11.1,11.2,1600.0,1679961600.0,UPTREND
HWS,2023,3,29,1,13,3,Wednesday,2023-03-29,11.2,11.2,11.1,11.1,900.0,1680048000.0,DOWNTREND
HWS,2023,3,31,1,13,5,Friday,2023-03-31,11.0,11.4,11.0,11.4,2400.0,1680220800.0,UPTREND
HWS,2023,4,3,2,14,1,Monday,2023-04-03,10.8,11.4,10.7,11.4,6900.0,1680480000.0,UPTREND
HWS,2023,4,4,2,14,2,Tuesday,2023-04-04,11.5,11.7,11.0,11.0,5500.0,1680566400.0,DOWNTREND
HWS,2023,4,5,2,14,3,Wednesday,2023-04-05,11.7,11.7,11.7,11.7,500.0,1680652800.0,SIDEWAY
