date,timestamp,open,high,low,close,volume,price_three_days_ago,price_three_days_ago_difference,price_three_days_ago_return,price_two_days_ago,price_yesterday,price_tomorrow,price_tomorrow_difference,price_tomorrow_return,direction,MA5,MA10,MA20,MA50,MA100,MA200,MA50-1,MA200-1,golden-cross-1,golden-cross-0,golden-cross
2021-10-06,1633478400,46.8,46.8,46.8,46.8,74100,,,,,,51.4,4.6,0.1,1,,,,,,,,,False,False,False
2021-10-07,1633564800,51.4,51.4,51.4,51.4,3900,,,,,46.8,56.5,5.1,0.1,1,,,,,,,,,False,False,False
2021-10-08,1633651200,56.5,56.5,56.5,56.5,16800,,,,46.8,51.4,62.1,5.6,0.1,1,,,,,,,,,False,False,False
2021-10-11,1633910400,62.1,62.1,62.1,62.1,2000,46.8,15.3,0.33,51.4,56.5,68.3,6.2,0.1,1,,,,,,,,,False,False,False
2021-10-12,1633996800,68.3,68.3,68.3,68.3,13000,51.4,16.9,0.33,56.5,62.1,75.1,6.8,0.1,1,57.02,,,,,,,,False,False,False
2021-10-13,1634083200,75.1,75.1,75.1,75.1,91000,56.5,18.6,0.33,62.1,68.3,76.4,1.3,0.02,1,62.68,,,,,,,,False,False,False
2021-10-14,1634169600,82.6,82.6,70.0,76.4,652100,62.1,14.3,0.23,68.3,75.1,73.3,-3.1,-0.04,-1,67.68,,,,,,,,False,False,False
2021-10-15,1634256000,82.0,82.0,71.1,73.3,288200,68.3,5.0,0.07,75.1,76.4,66.2,-7.1,-0.1,-1,71.04,,,,,,,,False,False,False
2021-10-18,1634515200,73.3,73.3,66.2,66.2,403700,75.1,-8.9,-0.12,76.4,73.3,71.9,5.7,0.09,1,71.86,,,,,,,,False,False,False
2021-10-19,1634601600,66.2,72.8,66.2,71.9,266500,76.4,-4.5,-0.06,73.3,66.2,79.0,7.1,0.1,1,72.58,64.8,,,,,,,False,False,False
2021-10-20,1634688000,73.0,79.0,72.0,79.0,174100,73.3,5.7,0.08,66.2,71.9,75.1,-3.9,-0.05,-1,73.36,68.02,,,,,,,False,False,False
2021-10-21,1634774400,84.6,84.6,73.4,75.1,266700,66.2,8.9,0.13,71.9,79.0,75.8,0.7,0.01,1,73.1,70.39,,,,,,,False,False,False
2021-10-22,1634860800,75.1,80.0,73.9,75.8,231760,71.9,3.9,0.05,79.0,75.1,77.1,1.3,0.02,1,73.6,72.32,,,,,,,False,False,False
2021-10-25,1635120000,77.5,80.0,76.1,77.1,371200,79.0,-1.9,-0.02,75.1,75.8,76.8,-0.3,-0.0,-1,75.78,73.82,,,,,,,False,False,False
2021-10-26,1635206400,79.8,80.0,75.1,76.8,275500,75.1,1.7,0.02,75.8,77.1,78.9,2.1,0.03,1,76.76,74.67,,,,,,,False,False,False
2021-10-27,1635292800,77.0,80.0,76.9,78.9,288564,75.8,3.1,0.04,77.1,76.8,80.0,1.1,0.01,1,76.74,75.05,,,,,,,False,False,False
2021-10-28,1635379200,78.0,80.0,78.0,80.0,214006,77.1,2.9,0.04,76.8,78.9,74.5,-5.5,-0.07,-1,77.72,75.41,,,,,,,False,False,False
2021-10-29,1635465600,80.0,80.7,74.5,74.5,194730,76.8,-2.3,-0.03,78.9,80.0,71.0,-3.5,-0.05,-1,77.46,75.53,,,,,,,False,False,False
2021-11-01,1635724800,75.5,77.0,71.0,71.0,255801,78.9,-7.9,-0.1,80.0,74.5,72.2,1.2,0.02,1,76.24,76.01,,,,,,,False,False,False
2021-11-02,1635811200,71.0,73.6,71.0,72.2,257100,80.0,-7.8,-0.1,74.5,71.0,71.8,-0.4,-0.01,-1,75.32,76.04,70.42,,,,,,False,False,False
2021-11-03,1635897600,73.8,73.8,71.3,71.8,335305,74.5,-2.7,-0.04,71.0,72.2,72.1,0.3,0.0,1,73.9,75.32,71.67,,,,,,False,False,False
2021-11-04,1635984000,71.8,74.3,71.1,72.1,315200,71.0,1.1,0.02,72.2,71.8,72.1,0.0,0.0,-1,72.32,75.02,72.7,,,,,,False,False,False
2021-11-05,1636070400,73.6,75.8,72.1,72.1,192500,72.2,-0.1,-0.0,71.8,72.1,67.8,-4.3,-0.06,-1,71.84,74.65,73.48,,,,,,False,False,False
2021-11-08,1636329600,73.8,74.0,67.8,67.8,295600,71.8,-4.0,-0.06,72.1,72.1,68.8,1.0,0.01,1,71.2,73.72,73.77,,,,,,False,False,False
2021-11-09,1636416000,70.0,72.2,68.6,68.8,174600,72.1,-3.3,-0.05,72.1,67.8,69.7,0.9,0.01,1,70.52,72.92,73.8,,,,,,False,False,False
2021-11-10,1636502400,70.0,71.0,68.9,69.7,241100,72.1,-2.4,-0.03,67.8,68.8,69.9,0.2,0.0,1,70.1,72.0,73.53,,,,,,False,False,False
2021-11-11,1636588800,69.0,71.5,69.0,69.9,255800,67.8,2.1,0.03,68.8,69.7,70.7,0.8,0.01,1,69.66,70.99,73.2,,,,,,False,False,False
2021-11-12,1636675200,70.0,71.4,69.5,70.7,244260,68.8,1.9,0.03,69.7,69.9,76.8,6.1,0.09,1,69.38,70.61,73.07,,,,,,False,False,False
2021-11-15,1636934400,72.0,76.8,70.8,76.8,275700,69.7,7.1,0.1,69.9,70.7,72.2,-4.6,-0.06,-1,71.18,71.19,73.6,,,,,,False,False,False
2021-11-16,1637020800,76.0,76.0,71.3,72.2,300200,69.9,2.3,0.03,70.7,76.8,79.0,6.8,0.09,1,71.86,71.19,73.61,,,,,,False,False,False
2021-11-17,1637107200,72.8,79.0,72.4,79.0,349200,70.7,8.3,0.12,76.8,72.2,77.9,-1.1,-0.01,-1,73.72,71.91,73.61,,,,,,False,False,False
2021-11-18,1637193600,75.8,78.0,75.0,77.9,228200,76.8,1.1,0.01,72.2,79.0,73.0,-4.9,-0.06,-1,75.32,72.49,73.76,,,,,,False,False,False
2021-11-19,1637280000,77.0,77.0,73.0,73.0,257200,72.2,0.8,0.01,79.0,77.9,72.0,-1.0,-0.01,-1,75.78,72.58,73.61,,,,,,False,False,False
2021-11-22,1637539200,73.5,74.5,72.0,72.0,216550,79.0,-7.0,-0.09,77.9,73.0,71.6,-0.4,-0.01,-1,74.82,73.0,73.36,,,,,,False,False,False
2021-11-23,1637625600,73.3,73.3,71.6,71.6,237700,77.9,-6.3,-0.08,73.0,72.0,71.9,0.3,0.0,1,74.7,73.28,73.1,,,,,,False,False,False
2021-11-24,1637712000,72.8,72.8,70.8,71.9,230800,73.0,-1.1,-0.02,72.0,71.6,71.0,-0.9,-0.01,-1,73.28,73.5,72.75,,,,,,False,False,False
2021-11-25,1637798400,72.2,72.2,70.5,71.0,337300,72.0,-1.0,-0.01,71.6,71.9,71.0,0.0,0.0,-1,71.9,73.61,72.3,,,,,,False,False,False
2021-11-26,1637884800,72.5,72.5,70.9,71.0,256210,71.6,-0.6,-0.01,71.9,71.0,71.2,0.2,0.0,1,71.5,73.64,72.12,,,,,,False,False,False
2021-11-29,1638144000,72.5,72.5,70.5,71.2,258000,71.9,-0.7,-0.01,71.0,71.0,70.9,-0.3,-0.0,-1,71.34,73.08,72.14,,,,,,False,False,False
2021-11-30,1638230400,71.1,71.5,70.8,70.9,208500,71.0,-0.1,-0.0,71.0,71.2,71.2,0.3,0.0,1,71.2,72.95,72.07,,,,,,False,False,False
2021-12-01,1638316800,72.5,72.5,70.9,71.2,240900,71.0,0.2,0.0,71.2,70.9,71.3,0.1,0.0,1,71.06,72.17,72.04,,,,,,False,False,False
2021-12-02,1638403200,71.2,72.0,70.8,71.3,222003,71.2,0.1,0.0,70.9,71.2,72.0,0.7,0.01,1,71.12,71.51,72.0,,,,,,False,False,False
2021-12-03,1638489600,71.6,72.6,71.5,72.0,273100,70.9,1.1,0.02,71.2,71.3,71.5,-0.5,-0.01,-1,71.32,71.41,72.0,,,,,,False,False,False
2021-12-06,1638748800,71.9,71.9,70.3,71.5,371200,71.2,0.3,0.0,71.3,72.0,71.3,-0.2,-0.0,-1,71.38,71.36,72.18,,,,,,False,False,False
2021-12-07,1638835200,71.4,72.0,70.6,71.3,323300,71.3,0.0,0.0,72.0,71.5,71.5,0.2,0.0,1,71.46,71.33,72.3,,,,,,False,False,False
2021-12-08,1638921600,72.5,72.5,71.2,71.5,386000,72.0,-0.5,-0.01,71.5,71.3,69.1,-2.4,-0.03,-1,71.52,71.29,72.4,,,,,,False,False,False
2021-12-09,1639008000,71.6,72.0,69.1,69.1,371800,71.5,-2.4,-0.03,71.3,71.5,71.0,1.9,0.03,1,71.08,71.1,72.36,,,,,,False,False,False
2021-12-10,1639094400,69.5,71.3,69.1,71.0,400600,71.3,-0.3,-0.0,71.5,69.1,72.3,1.3,0.02,1,70.88,71.1,72.37,,,,,,False,False,False
2021-12-13,1639353600,70.7,72.3,70.7,72.3,343200,71.5,0.8,0.01,69.1,71.0,71.7,-0.6,-0.01,-1,71.04,71.21,72.15,,,,,,False,False,False
2021-12-14,1639440000,72.0,72.0,70.8,71.7,341400,69.1,2.6,0.04,71.0,72.3,71.3,-0.4,-0.01,-1,71.12,71.29,72.12,71.25,,,,,False,False,False
2021-12-15,1639526400,71.2,71.3,70.6,71.3,440800,71.0,0.3,0.0,72.3,71.7,71.3,0.0,0.0,-1,71.08,71.3,71.74,71.74,,,71.25,,False,False,False
2021-12-16,1639612800,71.0,71.3,71.0,71.3,284700,72.3,-1.0,-0.01,71.7,71.3,72.8,1.5,0.02,1,71.52,71.3,71.4,72.14,,,71.74,,False,False,False
2021-12-17,1639699200,71.0,72.8,70.0,72.8,364900,71.7,1.1,0.02,71.3,71.3,70.5,-2.3,-0.03,-1,71.88,71.38,71.4,72.47,,,72.14,,False,False,False
2021-12-20,1639958400,71.5,71.5,70.5,70.5,300800,71.3,-0.8,-0.01,71.3,72.8,70.1,-0.4,-0.01,-1,71.52,71.28,71.32,72.64,,,72.47,,False,False,False
2021-12-21,1640044800,70.8,70.8,70.0,70.1,273500,71.3,-1.2,-0.02,72.8,70.5,70.2,0.1,0.0,1,71.2,71.16,71.24,72.67,,,72.64,,False,False,False
2021-12-22,1640131200,70.0,70.6,69.9,70.2,314900,72.8,-2.6,-0.04,70.5,70.1,68.0,-2.2,-0.03,-1,70.98,71.03,71.16,72.57,,,72.67,,False,False,False
2021-12-23,1640217600,70.2,70.8,68.0,68.0,392400,70.5,-2.5,-0.04,70.1,70.2,69.0,1.0,0.01,1,70.32,70.92,71.01,72.41,,,72.57,,False,False,False
2021-12-24,1640304000,68.0,69.8,67.9,69.0,401600,70.1,-1.1,-0.02,70.2,68.0,69.6,0.6,0.01,1,69.56,70.72,70.91,72.32,,,72.41,,False,False,False
2021-12-27,1640563200,70.0,70.0,68.8,69.6,338800,70.2,-0.6,-0.01,68.0,69.0,72.8,3.2,0.05,1,69.38,70.45,70.83,72.39,,,72.32,,False,False,False
2021-12-28,1640649600,69.1,72.8,69.1,72.8,309200,68.0,4.8,0.07,69.0,69.6,76.0,3.2,0.04,1,69.92,70.56,70.92,72.41,,,72.39,,False,False,False
2021-12-29,1640736000,72.7,76.0,72.6,76.0,349900,69.0,7.0,0.1,69.6,72.8,77.5,1.5,0.02,1,71.08,71.03,71.16,72.35,,,72.41,,False,False,False
2021-12-30,1640822400,76.3,77.8,75.8,77.5,289700,69.6,7.9,0.11,72.8,76.0,76.8,-0.7,-0.01,-1,72.98,71.65,71.47,72.39,,,72.35,,False,False,False
2021-12-31,1640908800,77.6,78.3,76.8,76.8,398116,72.8,4.0,0.05,76.0,77.5,77.0,0.2,0.0,1,74.54,72.05,71.72,72.41,,,72.39,,False,False,False
2022-01-04,1641254400,77.0,77.2,76.3,77.0,224400,76.0,1.0,0.01,77.5,76.8,79.6,2.6,0.03,1,76.02,72.7,71.99,72.41,,,72.41,,False,False,False
2022-01-05,1641340800,76.8,79.6,76.7,79.6,381600,77.5,2.1,0.03,76.8,77.0,87.5,7.9,0.1,1,77.38,73.65,72.4,72.47,,,72.41,,False,False,False
2022-01-06,1641427200,79.6,87.5,79.6,87.5,13102,76.8,10.7,0.14,77.0,79.6,90.0,2.5,0.03,1,79.68,75.38,73.21,72.64,,,72.47,,False,False,False
2022-01-07,1641513600,87.5,90.0,87.5,90.0,3400,77.0,13.0,0.17,79.6,87.5,81.2,-8.8,-0.1,-1,82.18,77.58,74.25,72.84,,,72.64,,False,False,False
2022-01-10,1641772800,90.0,90.0,81.2,81.2,194507,79.6,1.6,0.02,87.5,90.0,79.5,-1.7,-0.02,-1,83.06,78.8,74.76,72.97,,,72.84,,False,False,False
2022-01-11,1641859200,80.0,81.3,77.5,79.5,294100,87.5,-8.0,-0.09,90.0,81.2,77.8,-1.7,-0.02,-1,83.56,79.79,75.12,73.14,,,72.97,,False,False,False
2022-01-12,1641945600,79.3,79.3,76.8,77.8,174100,90.0,-12.2,-0.14,81.2,79.5,85.5,7.7,0.1,1,83.2,80.29,75.42,73.26,,,73.14,,False,False,False
2022-01-13,1642032000,77.8,85.5,77.7,85.5,142500,81.2,4.3,0.05,79.5,77.8,93.0,7.5,0.09,1,82.8,81.24,76.14,73.53,,,73.26,,False,False,False
2022-01-14,1642118400,85.5,94.0,83.3,93.0,84700,79.5,13.5,0.17,77.8,85.5,100.0,7.0,0.08,1,83.4,82.79,77.22,73.95,,,73.53,,False,False,False
2022-01-17,1642377600,95.5,102.2,95.5,100.0,24612,77.8,22.2,0.29,85.5,93.0,100.0,0.0,0.0,-1,87.16,85.11,78.58,74.51,,,73.95,,False,False,False
2022-01-18,1642464000,97.5,101.0,96.7,100.0,196900,85.5,14.5,0.17,93.0,100.0,97.5,-2.5,-0.02,-1,91.26,87.41,80.06,75.15,,,74.51,,False,False,False
2022-01-19,1642550400,109.0,109.0,97.3,97.5,9708,93.0,4.5,0.05,100.0,100.0,97.6,0.1,0.0,1,95.2,89.2,81.42,75.72,,,75.15,,False,False,False
2022-01-20,1642636800,97.0,97.6,97.0,97.6,9812,100.0,-2.4,-0.02,100.0,97.5,97.6,0.0,0.0,-1,97.62,90.21,82.8,76.28,,,75.72,,False,False,False
2022-01-21,1642723200,97.6,102.6,97.4,97.6,2700,100.0,-2.4,-0.02,97.5,97.6,98.0,0.4,0.0,1,98.54,90.97,84.28,76.84,,,76.28,,False,False,False
2022-01-24,1642982400,97.3,98.0,97.2,98.0,1900,97.5,0.5,0.01,97.6,97.6,101.5,3.5,0.04,1,98.14,92.65,85.72,77.38,,,76.84,,False,False,False
2022-01-25,1643068800,95.8,107.8,95.8,101.5,165400,97.6,3.9,0.04,97.6,98.0,103.5,2.0,0.02,1,98.44,94.85,87.32,77.88,,,77.38,,False,False,False
2022-01-26,1643155200,101.5,110.0,101.5,103.5,31700,97.6,5.9,0.06,98.0,101.5,113.0,9.5,0.09,1,99.64,97.42,88.85,78.5,,,77.88,,False,False,False
2022-01-27,1643241600,98.7,113.0,98.7,113.0,4300,98.0,15.0,0.15,101.5,103.5,124.0,11.0,0.1,1,102.72,100.17,90.7,79.18,,,78.5,,False,False,False
2022-01-28,1643328000,105.5,124.0,105.5,124.0,10300,101.5,22.5,0.22,103.5,113.0,124.5,0.5,0.0,1,108.0,103.27,93.03,80.1,,,79.18,,False,False,False
2022-02-07,1644192000,116.8,124.5,116.8,124.5,11800,103.5,21.0,0.2,113.0,124.0,122.3,-2.2,-0.02,-1,113.3,105.72,95.42,81.13,,,80.1,,False,False,False
2022-02-08,1644278400,122.3,122.6,122.0,122.3,14200,113.0,9.3,0.08,124.0,124.5,124.5,2.2,0.02,1,117.46,107.95,97.68,82.14,,,81.13,,False,False,False
2022-02-09,1644364800,122.4,124.5,122.2,124.5,7009,124.0,0.5,0.0,124.5,122.3,121.5,-3.0,-0.02,-1,121.66,110.65,99.92,83.2,,,82.14,,False,False,False
2022-02-10,1644451200,122.5,122.5,121.5,121.5,13500,124.5,-3.0,-0.02,122.3,124.5,117.8,-3.7,-0.03,-1,123.36,113.04,101.62,84.19,,,83.2,,False,False,False
2022-02-11,1644537600,119.5,119.5,117.8,117.8,21600,122.3,-4.5,-0.04,124.5,121.5,112.4,-5.4,-0.05,-1,122.12,115.06,103.01,85.13,,,84.19,,False,False,False
2022-02-14,1644796800,117.8,117.8,112.4,112.4,22800,124.5,-12.1,-0.1,121.5,117.8,112.0,-0.4,-0.0,-1,119.7,116.5,104.58,85.95,,,85.13,,False,False,False
2022-02-15,1644883200,123.6,123.6,112.0,112.0,700,121.5,-9.5,-0.08,117.8,112.4,110.9,-1.1,-0.01,-1,117.64,117.55,106.2,86.77,,,85.95,,False,False,False
2022-02-16,1644969600,110.8,110.9,110.5,110.9,20700,117.8,-6.9,-0.06,112.4,112.0,110.8,-0.1,-0.0,-1,114.92,118.29,107.85,87.57,,,86.77,,False,False,False
2022-02-17,1645056000,111.0,111.0,110.8,110.8,3000,112.4,-1.6,-0.01,112.0,110.9,111.4,0.6,0.01,1,112.78,118.07,109.12,88.36,,,87.57,,False,False,False
2022-02-18,1645142400,110.7,111.4,110.7,111.4,26700,112.0,-0.6,-0.01,110.9,110.8,110.0,-1.4,-0.01,-1,111.5,116.81,110.04,89.16,,,88.36,,False,False,False
2022-02-21,1645401600,110.8,110.9,110.0,110.0,43200,110.9,-0.9,-0.01,110.8,111.4,108.0,-2.0,-0.02,-1,111.02,115.36,110.54,89.92,,,89.16,,False,False,False
2022-02-22,1645488000,110.6,110.6,108.0,108.0,26400,110.8,-2.8,-0.03,111.4,110.0,108.4,0.4,0.0,1,110.22,113.93,110.94,90.65,,,89.92,,False,False,False
2022-02-23,1645574400,118.8,118.8,108.0,108.4,12600,111.4,-3.0,-0.03,110.0,108.0,107.9,-0.5,-0.0,-1,109.72,112.32,111.48,91.4,,,90.65,,False,False,False
2022-02-24,1645660800,108.2,108.4,107.9,107.9,36907,110.0,-2.1,-0.02,108.0,108.4,109.1,1.2,0.01,1,109.14,110.96,112.0,92.12,,,91.4,,False,False,False
2022-02-25,1645747200,107.9,109.2,107.9,109.1,24400,108.0,1.1,0.01,108.4,107.9,109.1,0.0,0.0,-1,108.68,110.09,112.58,92.92,,,92.12,,False,False,False
2022-02-28,1646006400,108.5,109.2,108.5,109.1,31200,108.4,0.7,0.01,107.9,109.1,108.7,-0.4,-0.0,-1,108.5,109.76,113.13,93.69,,,92.92,,False,False,False
2022-03-01,1646092800,108.9,108.9,108.5,108.7,32800,107.9,0.8,0.01,109.1,109.1,108.8,0.1,0.0,1,108.64,109.43,113.49,94.41,,,93.69,,False,False,False
2022-03-02,1646179200,108.8,109.0,108.7,108.8,24600,109.1,-0.3,-0.0,109.1,108.7,108.3,-0.5,-0.0,-1,108.72,109.22,113.76,95.16,83.2,,94.41,,False,False,False
2022-03-03,1646265600,108.6,108.8,108.3,108.3,41300,109.1,-0.8,-0.01,108.7,108.8,108.3,0.0,0.0,-1,108.8,108.97,113.52,95.9,83.82,,95.16,,False,False,False
2022-03-04,1646352000,108.3,119.1,108.0,108.3,32900,108.7,-0.4,-0.0,108.8,108.3,107.5,-0.8,-0.01,-1,108.64,108.66,112.74,96.64,84.39,,95.9,,False,False,False
2022-03-07,1646611200,108.3,108.3,107.5,107.5,18500,108.8,-1.3,-0.01,108.3,108.3,107.2,-0.3,-0.0,-1,108.32,108.41,111.89,97.33,84.9,,96.64,,False,False,False
2022-03-08,1646697600,107.5,108.0,107.2,107.2,48000,108.3,-1.1,-0.01,108.3,107.5,106.8,-0.4,-0.0,-1,108.02,108.33,111.13,98.06,85.35,,97.33,,False,False,False
2022-03-09,1646784000,107.2,108.0,106.8,106.8,24100,108.3,-1.5,-0.01,107.5,107.2,106.8,0.0,0.0,-1,107.62,108.17,110.24,98.8,85.74,,98.06,,False,False,False
2022-03-10,1646870400,107.0,107.0,106.8,106.8,35400,107.5,-0.7,-0.01,107.2,106.8,108.1,1.3,0.01,1,107.32,108.06,109.51,99.53,86.05,,98.8,,False,False,False
2022-03-11,1646956800,107.0,111.0,106.8,108.1,45200,107.2,0.9,0.01,106.8,106.8,107.0,-1.1,-0.01,-1,107.28,107.96,109.02,100.33,86.37,,99.53,,False,False,False
2022-03-14,1647216000,107.8,111.0,107.0,107.0,32300,106.8,0.2,0.0,106.8,108.1,106.9,-0.1,-0.0,-1,107.18,107.75,108.76,101.09,86.71,,100.33,,False,False,False
2022-03-15,1647302400,107.0,107.0,106.8,106.9,39900,106.8,0.1,0.0,108.1,107.0,107.0,0.1,0.0,1,107.12,107.57,108.5,101.84,87.11,,101.09,,False,False,False
2022-03-16,1647388800,106.9,107.0,106.9,107.0,29037,108.1,-1.1,-0.01,107.0,106.9,107.5,0.5,0.0,1,107.16,107.39,108.3,102.52,87.46,,101.84,,False,False,False
2022-03-17,1647475200,109.0,110.0,107.2,107.5,55500,107.0,0.5,0.0,106.9,107.0,107.7,0.2,0.0,1,107.3,107.31,108.14,103.15,87.75,,102.52,,False,False,False
2022-03-18,1647561600,107.4,107.7,107.4,107.7,26700,106.9,0.8,0.01,107.0,107.5,108.2,0.5,0.0,1,107.22,107.25,107.96,103.76,88.08,,103.15,,False,False,False
2022-03-21,1647820800,107.7,108.2,107.7,108.2,36200,107.0,1.2,0.01,107.5,107.7,108.5,0.3,0.0,1,107.46,107.32,107.86,104.38,88.4,,103.76,,False,False,False
2022-03-22,1647907200,108.1,108.5,108.1,108.5,49700,107.5,1.0,0.01,107.7,108.2,108.4,-0.1,-0.0,-1,107.78,107.45,107.89,105.01,88.71,,104.38,,False,False,False
2022-03-23,1647993600,108.2,108.5,108.0,108.4,27500,107.7,0.7,0.01,108.2,108.5,119.2,10.8,0.1,1,108.06,107.61,107.89,105.59,89.03,,105.01,,False,False,False
2022-03-24,1648080000,108.3,119.2,108.3,119.2,51800,108.2,11.0,0.1,108.5,108.4,109.4,-9.8,-0.08,-1,110.4,108.85,108.46,106.22,89.43,,105.59,,False,False,False
2022-03-25,1648166400,108.6,109.4,108.6,109.4,20501,108.5,0.9,0.01,108.4,119.2,108.5,-0.9,-0.01,-1,110.74,108.98,108.47,106.61,89.73,,106.22,,False,False,False
2022-03-28,1648425600,109.5,119.5,108.5,108.5,25500,108.4,0.1,0.0,119.2,109.4,108.5,0.0,0.0,-1,110.8,109.13,108.44,107.16,90.07,,106.61,,False,False,False
2022-03-29,1648512000,108.5,118.5,108.5,108.5,17400,119.2,-10.7,-0.09,109.4,108.5,107.3,-1.2,-0.01,-1,110.8,109.29,108.43,107.74,90.44,,107.16,,False,False,False
2022-03-30,1648598400,108.4,108.4,107.3,107.3,34600,109.4,-2.1,-0.02,108.5,108.5,106.8,-0.5,-0.0,-1,110.58,109.32,108.36,108.33,90.79,,107.74,,False,False,False
2022-03-31,1648684800,107.3,107.3,106.8,106.8,21900,108.5,-1.7,-0.02,108.5,107.3,107.1,0.3,0.0,1,108.1,109.25,108.28,108.75,91.14,,108.33,,False,False,False
2022-04-01,1648771200,107.0,107.2,106.9,107.1,30309,108.5,-1.4,-0.01,107.3,106.8,107.4,0.3,0.0,1,107.64,109.19,108.22,109.04,91.49,,108.75,,False,False,False
2022-04-04,1649030400,107.0,107.4,106.5,107.4,23400,107.3,0.1,0.0,106.8,107.1,108.0,0.6,0.01,1,107.42,109.11,108.21,109.18,91.84,,109.04,,False,False,False
2022-04-05,1649116800,107.7,108.1,107.7,108.0,16400,106.8,1.2,0.01,107.1,107.4,107.9,-0.1,-0.0,-1,107.32,109.06,108.26,109.34,92.25,,109.18,,False,False,False
2022-04-06,1649203200,107.9,107.9,107.9,107.9,20038,107.1,0.8,0.01,107.4,108.0,113.5,5.6,0.05,1,107.44,109.01,108.31,109.55,92.64,,109.34,,False,False,False
2022-04-07,1649289600,107.3,113.9,107.2,113.5,128177,107.4,6.1,0.06,108.0,107.9,110.0,-3.5,-0.03,-1,108.78,108.44,108.65,109.87,93.08,,109.55,,False,False,False
2022-04-08,1649376000,113.0,113.3,109.3,110.0,133300,108.0,2.0,0.02,107.9,113.5,110.2,0.2,0.0,1,109.36,108.5,108.74,110.12,93.48,,109.87,,False,False,False
2022-04-12,1649721600,109.1,110.5,108.9,110.2,50101,107.9,2.3,0.02,113.5,110.0,109.5,-0.7,-0.01,-1,109.92,108.67,108.9,110.36,93.87,,110.12,,False,False,False
2022-04-13,1649808000,110.2,110.2,109.0,109.5,65100,113.5,-4.0,-0.04,110.0,110.2,108.4,-1.1,-0.01,-1,110.22,108.77,109.03,110.52,94.2,,110.36,,False,False,False
2022-04-14,1649894400,109.5,109.5,108.2,108.4,35500,110.0,-1.6,-0.01,110.2,109.5,108.2,-0.2,-0.0,-1,110.32,108.88,109.1,110.62,94.56,,110.52,,False,False,False
2022-04-15,1649980800,108.5,108.5,107.5,108.2,28800,110.2,-2.0,-0.02,109.5,108.4,108.4,0.2,0.0,1,109.26,109.02,109.14,110.52,94.85,,110.62,,False,False,False
2022-04-18,1650240000,108.4,108.6,108.4,108.4,40000,109.5,-1.1,-0.01,108.4,108.2,108.1,-0.3,-0.0,-1,108.94,109.15,109.17,110.21,95.16,,110.52,,False,False,False
2022-04-19,1650326400,108.3,108.6,108.0,108.1,25400,108.4,-0.3,-0.0,108.2,108.4,107.5,-0.6,-0.01,-1,108.52,109.22,109.16,109.88,95.51,,110.21,,False,False,False
2022-04-20,1650412800,108.0,108.0,107.4,107.5,33700,108.2,-0.7,-0.01,108.4,108.1,108.0,0.5,0.0,1,108.12,109.17,109.12,109.59,95.86,,109.88,,False,False,False
2022-04-21,1650499200,108.5,108.5,107.0,108.0,48900,108.4,-0.4,-0.0,108.1,107.5,108.1,0.1,0.0,1,108.04,109.18,109.1,109.26,96.23,,109.59,,False,False,False
2022-04-22,1650585600,108.0,109.2,108.0,108.1,29900,108.1,0.0,0.0,107.5,108.0,107.5,-0.6,-0.01,-1,108.02,108.64,108.54,108.99,96.59,,109.26,,False,False,False
2022-04-25,1650844800,108.0,108.0,107.0,107.5,50900,107.5,0.0,0.0,108.0,108.1,107.8,0.3,0.0,1,107.84,108.39,108.44,108.78,96.96,,108.99,,False,False,False
2022-04-26,1650931200,107.5,107.8,107.4,107.8,37600,108.0,-0.2,-0.0,108.1,107.5,109.5,1.7,0.02,1,107.78,108.15,108.41,108.69,97.32,,108.78,,False,False,False
2022-04-27,1651017600,107.5,111.0,107.3,109.5,70800,108.1,1.4,0.01,107.5,107.8,110.7,1.2,0.01,1,108.18,108.15,108.46,108.64,97.71,,108.69,,False,False,False
2022-04-28,1651104000,109.0,111.0,109.0,110.7,28700,107.5,3.2,0.03,107.8,109.5,109.9,-0.8,-0.01,-1,108.72,108.38,108.63,108.64,98.1,,108.64,,False,False,False
2022-04-29,1651190400,110.0,110.2,109.8,109.9,48500,107.8,2.1,0.02,109.5,110.7,109.1,-0.8,-0.01,-1,109.08,108.55,108.79,108.62,98.49,,108.64,,False,False,False
2022-05-04,1651622400,109.9,109.9,109.1,109.1,56600,109.5,-0.4,-0.0,110.7,109.9,108.0,-1.1,-0.01,-1,109.4,108.62,108.89,108.57,98.87,,108.62,,False,False,False
2022-05-05,1651708800,109.1,109.5,108.0,108.0,65000,110.7,-2.7,-0.02,109.9,109.1,107.5,-0.5,-0.0,-1,109.44,108.61,108.92,108.53,99.23,,108.57,,False,False,False
2022-05-06,1651795200,107.9,107.9,106.2,107.5,48400,109.9,-2.4,-0.02,109.1,108.0,107.5,0.0,0.0,-1,109.04,108.61,108.89,108.52,99.59,,108.53,,False,False,False
2022-05-09,1652054400,107.0,107.5,105.5,107.5,75800,109.1,-1.6,-0.01,108.0,107.5,107.6,0.1,0.0,1,108.4,108.56,108.87,108.51,99.95,,108.52,,False,False,False
2022-05-10,1652140800,107.0,107.6,105.6,107.6,84200,108.0,-0.4,-0.0,107.5,107.5,107.5,-0.1,-0.0,-1,107.94,108.51,108.58,108.5,100.31,,108.51,,False,False,False
2022-05-11,1652227200,107.0,107.5,106.1,107.5,51800,107.5,0.0,0.0,107.5,107.6,107.5,0.0,0.0,-1,107.62,108.51,108.45,108.47,100.7,,108.5,,False,False,False
2022-05-12,1652313600,107.0,107.5,106.7,107.5,44200,107.5,0.0,0.0,107.6,107.5,107.5,0.0,0.0,-1,107.52,108.48,108.32,108.44,101.06,,108.47,,False,False,False
2022-05-13,1652400000,107.0,107.5,106.0,107.5,70600,107.6,-0.1,-0.0,107.5,107.5,106.0,-1.5,-0.01,-1,107.52,108.28,108.22,108.41,101.41,,108.44,,False,False,False
2022-05-16,1652659200,107.0,107.0,105.6,106.0,50300,107.5,-1.5,-0.01,107.5,107.5,99.1,-6.9,-0.07,-1,107.22,107.81,108.1,108.36,101.76,,108.41,,False,False,False
2022-05-17,1652745600,106.0,110.0,98.9,99.1,98000,107.5,-8.4,-0.08,107.5,106.0,91.8,-7.3,-0.07,-1,105.52,106.73,107.64,108.17,102.03,,108.36,,False,False,False
2022-05-18,1652832000,98.6,98.6,91.8,91.8,85400,107.5,-15.7,-0.15,106.0,99.1,88.0,-3.8,-0.04,-1,102.38,105.0,106.81,107.84,102.24,,108.17,,False,False,False
2022-05-19,1652918400,91.4,91.4,88.0,88.0,79000,106.0,-18.0,-0.17,99.1,91.8,86.9,-1.1,-0.01,-1,98.48,103.0,105.8,107.45,102.39,,107.84,,False,False,False
2022-05-20,1653004800,87.5,87.5,86.9,86.9,105600,99.1,-12.2,-0.12,91.8,88.0,83.9,-3.0,-0.03,-1,94.36,100.94,104.78,107.05,102.56,,107.45,,False,False,False
2022-05-23,1653264000,86.5,87.5,83.9,83.9,125400,91.8,-7.9,-0.09,88.0,86.9,84.2,0.3,0.0,1,89.94,98.58,103.57,106.59,102.69,,107.05,,False,False,False
2022-05-24,1653350400,83.0,85.0,82.9,84.2,80700,88.0,-3.8,-0.04,86.9,83.9,87.0,2.8,0.03,1,86.96,96.24,102.38,106.14,102.83,,106.59,,False,False,False
2022-05-25,1653436800,84.0,88.0,84.0,87.0,142300,86.9,0.1,0.0,83.9,84.2,86.0,-1.0,-0.01,-1,86.0,94.19,101.35,105.71,103.02,,106.14,,False,False,False
2022-05-26,1653523200,87.0,87.0,85.0,86.0,72700,83.9,2.1,0.03,84.2,87.0,85.0,-1.0,-0.01,-1,85.6,92.04,100.26,105.29,103.19,,105.71,,False,False,False
2022-05-27,1653609600,86.5,86.5,85.0,85.0,94600,84.2,0.8,0.01,87.0,86.0,85.5,0.5,0.01,1,85.22,89.79,99.04,104.86,103.35,,105.29,,False,False,False
2022-05-30,1653868800,84.5,85.5,83.9,85.5,122000,87.0,-1.5,-0.02,86.0,85.0,86.3,0.8,0.01,1,85.54,87.74,97.78,104.43,103.47,,104.86,,False,False,False
2022-05-31,1653955200,85.5,86.3,85.3,86.3,88800,86.0,0.3,0.0,85.0,85.5,86.8,0.5,0.01,1,85.96,86.46,96.6,104.0,103.58,,104.43,,False,False,False
2022-06-01,1654041600,86.0,86.8,85.0,86.8,82300,85.0,1.8,0.02,85.5,86.3,84.5,-2.3,-0.03,-1,85.92,85.96,95.48,103.58,103.67,,104.0,,False,False,False
2022-06-02,1654128000,86.5,86.5,83.9,84.5,101600,85.5,-1.0,-0.01,86.3,86.8,86.0,1.5,0.02,1,85.62,85.61,94.3,103.11,103.75,,103.58,,False,False,False
2022-06-03,1654214400,84.0,86.0,83.5,86.0,120300,86.3,-0.3,-0.0,86.8,84.5,85.5,-0.5,-0.01,-1,85.82,85.52,93.23,102.66,103.84,,103.11,,False,False,False
2022-06-06,1654473600,86.0,86.0,84.1,85.5,92300,86.8,-1.3,-0.01,84.5,86.0,84.0,-1.5,-0.02,-1,85.82,85.68,92.13,102.2,103.9,,102.66,,False,False,False
2022-06-07,1654560000,85.5,85.5,84.0,84.0,80300,84.5,-0.5,-0.01,86.0,85.5,86.6,2.6,0.03,1,85.36,85.66,90.95,101.5,103.86,,102.2,,False,False,False
2022-06-08,1654646400,84.5,86.6,84.4,86.6,132000,86.0,0.6,0.01,85.5,84.0,87.6,1.0,0.01,1,85.32,85.62,89.9,101.04,103.83,,101.5,,False,False,False
2022-06-09,1654732800,86.9,88.1,86.8,87.6,110901,85.5,2.1,0.02,84.0,86.6,87.0,-0.6,-0.01,-1,85.94,85.78,88.91,100.62,103.89,,101.04,,False,False,False
2022-06-10,1654819200,87.5,87.5,86.0,87.0,94500,84.0,3.0,0.04,86.6,87.6,85.2,-1.8,-0.02,-1,86.14,85.98,87.88,100.19,103.97,,100.62,,False,False,False
2022-06-13,1655078400,87.2,87.2,83.9,85.2,116300,86.6,-1.4,-0.02,87.6,87.0,86.5,1.3,0.02,1,86.08,85.95,86.84,99.75,104.04,,100.19,,False,False,False
2022-06-14,1655164800,85.0,86.6,84.5,86.5,140000,87.6,-1.1,-0.01,87.0,85.2,85.3,-1.2,-0.01,-1,86.58,85.97,86.22,99.35,104.05,,99.75,,False,False,False
2022-06-15,1655251200,86.5,86.5,84.7,85.3,100600,87.0,-1.7,-0.02,85.2,86.5,85.7,0.4,0.0,1,86.32,85.82,85.89,98.91,103.97,,99.35,,False,False,False
2022-06-16,1655337600,85.0,87.0,85.0,85.7,86100,85.2,0.5,0.01,86.5,85.3,84.8,-0.9,-0.01,-1,85.94,85.94,85.78,98.48,103.83,,98.91,,False,False,False
2022-06-17,1655424000,86.0,86.0,83.9,84.8,110000,86.5,-1.7,-0.02,85.3,85.7,84.0,-0.8,-0.01,-1,85.5,85.82,85.67,98.01,103.68,,98.48,,False,False,False
2022-06-20,1655683200,85.0,93.2,83.9,84.0,80610,85.3,-1.3,-0.02,85.7,84.8,84.6,0.6,0.01,1,85.26,85.67,85.68,97.53,103.54,,98.01,,False,False,False
2022-06-21,1655769600,84.0,85.5,84.0,84.6,127400,85.7,-1.1,-0.01,84.8,84.0,85.2,0.6,0.01,1,84.88,85.73,85.7,96.96,103.41,,97.53,,False,False,False
2022-06-22,1655856000,84.6,85.2,84.6,85.2,76100,84.8,0.4,0.0,84.0,84.6,85.9,0.7,0.01,1,84.86,85.59,85.6,96.46,103.29,,96.96,,False,False,False
2022-06-23,1655942400,85.2,93.7,85.2,85.9,102200,84.0,1.9,0.02,84.6,85.2,86.5,0.6,0.01,1,84.9,85.42,85.6,95.97,103.17,,96.46,,False,False,False
2022-06-24,1656028800,85.9,86.5,85.9,86.5,94400,84.6,1.9,0.02,85.2,85.9,85.5,-1.0,-0.01,-1,85.24,85.37,85.68,95.51,103.02,,95.97,,False,False,False
2022-06-27,1656288000,86.5,86.7,85.4,85.5,79200,85.2,0.3,0.0,85.9,86.5,85.0,-0.5,-0.01,-1,85.54,85.4,85.68,95.06,102.84,,95.51,,False,False,False
2022-06-28,1656374400,85.6,85.6,84.6,85.0,110200,85.9,-0.9,-0.01,86.5,85.5,78.5,-6.5,-0.08,-1,85.62,85.25,85.61,94.59,102.56,,95.06,,False,False,False
2022-06-29,1656460800,85.0,85.2,78.5,78.5,121500,86.5,-8.0,-0.09,85.5,85.0,84.0,5.5,0.07,1,84.28,84.57,85.2,93.99,102.1,,94.59,,False,False,False
2022-06-30,1656547200,82.1,84.6,82.1,84.0,98910,85.5,-1.5,-0.02,85.0,78.5,84.6,0.6,0.01,1,83.9,84.4,85.17,93.51,101.7,,93.99,,False,False,False
2022-07-01,1656633600,84.0,84.6,83.0,84.6,141900,85.0,-0.4,-0.0,78.5,84.0,84.0,-0.6,-0.01,-1,83.52,84.38,85.1,93.05,101.32,,93.51,,False,False,False
2022-07-04,1656892800,84.6,84.6,83.4,84.0,85200,78.5,5.5,0.07,84.0,84.6,85.8,1.8,0.02,1,83.22,84.38,85.02,92.57,100.92,,93.05,,False,False,False
2022-07-05,1656979200,84.1,85.8,84.0,85.8,129900,84.0,1.8,0.02,84.6,84.0,84.8,-1.0,-0.01,-1,83.38,84.5,85.12,92.13,100.56,,92.57,,False,False,False
2022-07-06,1657065600,85.5,85.7,84.8,84.8,79960,84.6,0.2,0.0,84.0,85.8,84.0,-0.8,-0.01,-1,84.64,84.46,85.02,91.67,100.23,,92.13,,False,False,False
2022-07-07,1657152000,84.8,84.8,83.5,84.0,104500,84.0,0.0,0.0,85.8,84.8,83.5,-0.5,-0.01,-1,84.64,84.27,84.84,91.2,99.94,,91.67,,False,False,False
2022-07-08,1657238400,84.0,84.0,82.8,83.5,120900,85.8,-2.3,-0.03,84.8,84.0,83.3,-0.2,-0.0,-1,84.42,83.97,84.67,90.68,99.66,,91.2,,False,False,False
2022-07-11,1657497600,83.5,83.5,82.8,83.3,93900,84.8,-1.5,-0.02,84.0,83.5,83.7,0.4,0.0,1,84.28,83.75,84.58,90.13,99.38,,90.68,,False,False,False
2022-07-12,1657584000,83.0,83.7,83.0,83.7,75200,84.0,-0.3,-0.0,83.5,83.3,84.0,0.3,0.0,1,83.86,83.62,84.43,89.61,99.11,,90.13,,False,False,False
2022-07-13,1657670400,83.7,84.3,83.6,84.0,111200,83.5,0.5,0.01,83.3,83.7,83.4,-0.6,-0.01,-1,83.7,84.17,84.37,89.1,98.84,,89.61,,False,False,False
2022-07-14,1657756800,84.0,84.0,83.0,83.4,100200,83.3,0.1,0.0,83.7,84.0,84.5,1.1,0.01,1,83.58,84.11,84.26,88.61,98.57,,89.1,,False,False,False
2022-07-15,1657843200,83.4,84.5,83.1,84.5,88800,83.7,0.8,0.01,84.0,83.4,84.8,0.3,0.0,1,83.78,84.1,84.24,88.15,98.34,,88.61,,False,False,False
2022-07-18,1658102400,84.5,85.0,84.5,84.8,125200,84.0,0.8,0.01,83.4,84.5,84.0,-0.8,-0.01,-1,84.08,84.18,84.28,87.7,98.1,,88.15,,False,False,False
2022-07-19,1658188800,84.8,84.8,84.0,84.0,95400,83.4,0.6,0.01,84.5,84.8,83.5,-0.5,-0.01,-1,84.14,84.0,84.25,87.23,97.86,,87.7,,False,False,False
2022-07-20,1658275200,84.0,84.2,83.5,83.5,75100,84.5,-1.0,-0.01,84.8,84.0,83.0,-0.5,-0.01,-1,84.04,83.87,84.16,86.75,97.61,,87.23,,False,False,False
2022-07-21,1658361600,83.5,83.6,82.6,83.0,95306,84.8,-1.8,-0.02,84.0,83.5,83.7,0.7,0.01,1,83.96,83.77,84.02,86.26,97.35,,86.75,,False,False,False
2022-07-22,1658448000,82.5,84.0,82.5,83.7,126600,84.0,-0.3,-0.0,83.5,83.0,83.4,-0.3,-0.0,-1,83.8,83.79,83.88,85.78,97.1,,86.26,,False,False,False
2022-07-25,1658707200,83.5,83.5,82.9,83.4,107900,83.5,-0.1,-0.0,83.0,83.7,83.5,0.1,0.0,1,83.52,83.8,83.78,85.33,96.84,90.02,85.78,,False,False,False
2022-07-26,1658793600,83.5,83.7,82.9,83.5,81200,83.0,0.5,0.01,83.7,83.4,83.8,0.3,0.0,1,83.42,83.78,83.7,85.02,96.59,90.21,85.33,90.02,True,False,False
2022-07-27,1658880000,83.4,84.0,82.4,83.8,134300,83.7,0.1,0.0,83.4,83.5,84.0,0.2,0.0,1,83.48,83.76,83.96,84.86,96.35,90.37,85.02,90.21,True,False,False
2022-07-28,1658966400,83.8,84.0,83.0,84.0,97300,83.4,0.6,0.01,83.5,83.8,82.0,-2.0,-0.02,-1,83.68,83.82,83.96,84.78,96.11,90.51,84.86,90.37,True,False,False
2022-07-29,1659052800,83.8,83.8,82.0,82.0,107300,83.5,-1.5,-0.02,83.8,84.0,82.6,0.6,0.01,1,83.34,83.57,83.84,84.68,95.86,90.61,84.78,90.51,True,False,False
2022-08-01,1659312000,82.0,82.6,81.7,82.6,69100,83.8,-1.2,-0.01,84.0,82.0,82.8,0.2,0.0,1,83.18,83.35,83.76,84.65,95.62,90.68,84.68,90.61,True,False,False
2022-08-02,1659398400,82.6,82.8,82.0,82.8,87200,84.0,-1.2,-0.01,82.0,82.6,82.1,-0.7,-0.01,-1,83.04,83.23,83.62,84.62,95.38,90.72,84.65,90.68,True,False,False
2022-08-03,1659484800,82.8,82.8,81.3,82.1,99300,82.0,0.1,0.0,82.6,82.8,81.3,-0.8,-0.01,-1,82.7,83.09,83.48,84.53,95.12,90.74,84.62,90.72,True,False,False
2022-08-04,1659571200,82.1,82.1,81.0,81.3,112800,82.6,-1.3,-0.02,82.8,82.1,83.0,1.7,0.02,1,82.16,82.92,83.34,84.43,94.86,90.78,84.53,90.74,True,False,False
2022-08-05,1659657600,81.6,83.0,81.1,83.0,100300,82.8,0.2,0.0,82.1,81.3,84.0,1.0,0.01,1,82.36,82.85,83.32,84.39,94.62,90.87,84.43,90.78,True,False,False
2022-08-08,1659916800,82.5,84.0,81.5,84.0,147200,82.1,1.9,0.02,81.3,83.0,83.0,-1.0,-0.01,-1,82.64,82.91,83.35,84.36,94.39,90.93,84.39,90.87,True,False,False
2022-08-09,1660003200,83.5,83.5,82.1,83.0,111500,81.3,1.7,0.02,83.0,84.0,83.3,0.3,0.0,1,82.68,82.86,83.32,84.3,94.15,90.95,84.36,90.93,True,False,False
2022-08-10,1660089600,83.0,83.3,82.0,83.3,101010,83.0,0.3,0.0,84.0,83.0,83.0,-0.3,-0.0,-1,82.92,82.81,83.28,84.23,93.9,90.99,84.3,90.95,True,False,False
2022-08-11,1660176000,83.0,83.9,81.9,83.0,74300,84.0,-1.0,-0.01,83.0,83.3,83.0,0.0,0.0,-1,83.26,82.71,83.26,84.2,93.65,91.03,84.23,90.99,True,False,False
2022-08-12,1660262400,83.0,89.5,82.5,83.0,60800,83.0,0.0,0.0,83.3,83.0,82.9,-0.1,-0.0,-1,83.26,82.81,83.19,84.14,93.4,91.06,84.2,91.03,True,False,False
2022-08-15,1660521600,90.0,90.0,82.7,82.9,113300,83.3,-0.4,-0.0,83.0,83.0,83.4,0.5,0.01,1,83.04,82.84,83.1,84.08,93.14,91.09,84.14,91.06,True,False,False
2022-08-16,1660608000,82.9,83.4,82.7,83.4,88800,83.0,0.4,0.0,83.0,82.9,89.0,5.6,0.07,1,83.12,82.9,83.06,84.07,92.78,91.11,84.08,91.09,True,False,False
2022-08-17,1660694400,82.5,89.0,82.1,89.0,102800,83.0,6.0,0.07,82.9,83.4,83.4,-5.6,-0.06,-1,84.26,83.59,83.34,84.12,92.58,91.15,84.07,91.11,True,False,False
2022-08-18,1660780800,87.5,87.5,82.5,83.4,69900,82.9,0.5,0.01,83.4,89.0,83.3,-0.1,-0.0,-1,84.34,83.8,83.36,84.04,92.33,91.2,84.12,91.15,True,False,False
2022-08-19,1660867200,84.0,84.0,82.7,83.3,83500,83.4,-0.1,-0.0,89.0,83.4,82.9,-0.4,-0.0,-1,84.4,83.83,83.34,83.96,92.08,91.26,84.04,91.2,True,False,False
2022-08-22,1661126400,83.4,83.4,82.3,82.9,92100,89.0,-6.1,-0.07,83.4,83.3,82.6,-0.3,-0.0,-1,84.4,83.72,83.32,83.92,91.83,91.31,83.96,91.26,True,False,False
2022-08-23,1661212800,82.7,82.8,81.8,82.6,119600,83.4,-0.8,-0.01,83.3,82.9,85.0,2.4,0.03,1,84.24,83.68,83.27,83.84,91.59,91.37,83.92,91.31,True,False,False
2022-08-24,1661299200,82.5,85.0,82.0,85.0,105500,83.3,1.7,0.02,82.9,82.6,85.2,0.2,0.0,1,83.44,83.85,83.33,83.83,91.37,91.43,83.84,91.37,True,False,False
2022-08-25,1661385600,83.0,85.5,83.0,85.2,114400,82.9,2.3,0.03,82.6,85.0,84.0,-1.2,-0.01,-1,83.8,84.07,83.39,83.82,91.15,91.5,83.83,91.43,True,False,False
2022-08-26,1661472000,84.0,84.0,82.3,84.0,65500,82.6,1.4,0.02,85.0,85.2,82.9,-1.1,-0.01,-1,83.94,84.17,83.49,83.81,90.91,91.58,83.82,91.5,True,False,False
2022-08-29,1661731200,85.0,85.0,82.0,82.9,59100,85.0,-2.1,-0.02,85.2,84.0,83.3,0.4,0.0,1,83.94,84.17,83.51,83.78,90.66,91.65,83.81,91.58,True,False,False
2022-08-30,1661817600,82.9,83.5,82.9,83.3,95800,85.2,-1.9,-0.02,84.0,82.9,82.9,-0.4,-0.0,-1,84.08,84.16,83.53,83.76,90.36,91.72,83.78,91.65,True,False,False
2022-08-31,1661904000,83.3,83.4,82.3,82.9,55611,84.0,-1.1,-0.01,82.9,83.3,84.0,1.1,0.01,1,83.66,83.55,83.57,83.71,90.09,91.78,83.76,91.72,True,False,False
2022-09-05,1662336000,82.8,84.0,82.5,84.0,70000,82.9,1.1,0.01,83.3,82.9,83.3,-0.7,-0.01,-1,83.42,83.61,83.7,83.67,89.82,91.85,83.71,91.78,True,False,False
2022-09-06,1662422400,84.3,84.3,83.0,83.3,105500,83.3,0.0,0.0,82.9,84.0,82.9,-0.4,-0.0,-1,83.28,83.61,83.72,83.61,89.56,91.88,83.67,91.85,True,False,False
2022-09-07,1662508800,83.0,83.0,82.5,82.9,83000,82.9,0.0,0.0,84.0,83.3,83.0,0.1,0.0,1,83.28,83.61,83.66,83.56,89.31,91.93,83.61,91.88,True,False,False
2022-09-08,1662595200,83.0,83.0,82.2,83.0,77600,84.0,-1.0,-0.01,83.3,82.9,82.9,-0.1,-0.0,-1,83.22,83.65,83.66,83.52,89.06,91.95,83.56,91.93,True,False,False
2022-09-09,1662681600,83.5,83.5,82.5,82.9,115900,83.3,-0.4,-0.0,82.9,83.0,82.9,0.0,0.0,-1,83.22,83.44,83.65,83.61,88.8,91.98,83.52,91.95,True,False,False
2022-09-12,1662940800,82.8,83.1,82.5,82.9,91100,82.9,0.0,0.0,83.0,82.9,83.2,0.3,0.0,1,83.0,83.21,83.64,83.58,88.55,92.03,83.61,91.98,True,False,False
2022-09-13,1663027200,82.9,83.2,81.7,83.2,109800,83.0,0.2,0.0,82.9,82.9,83.0,-0.2,-0.0,-1,82.98,83.13,83.65,83.56,88.3,92.08,83.58,92.03,True,False,False
2022-09-14,1663113600,82.7,83.0,82.4,83.0,86900,82.9,0.1,0.0,82.9,83.2,83.0,0.0,0.0,-1,83.0,83.14,83.66,83.54,88.06,92.14,83.56,92.08,True,False,False
2022-09-15,1663200000,83.0,83.0,81.9,83.0,97100,82.9,0.1,0.0,83.2,83.0,82.9,-0.1,-0.0,-1,83.0,83.11,83.64,83.48,87.8,92.2,83.54,92.14,True,False,False
2022-09-16,1663286400,82.9,82.9,82.1,82.9,88500,83.2,-0.3,-0.0,83.0,83.0,83.0,0.1,0.0,1,83.0,83.11,83.33,83.44,87.56,92.26,83.48,92.2,True,False,False
2022-09-19,1663545600,83.0,83.0,82.5,83.0,114300,83.0,0.0,0.0,83.0,82.9,82.9,-0.1,-0.0,-1,83.02,83.01,83.31,83.42,87.31,92.32,83.44,92.26,True,False,False
2022-09-20,1663632000,83.2,83.2,82.6,82.9,61200,83.0,-0.1,-0.0,82.9,83.0,82.5,-0.4,-0.0,-1,82.96,82.97,83.29,83.41,87.04,92.38,83.42,92.32,True,False,False
2022-09-21,1663718400,83.2,83.2,82.0,82.5,96300,82.9,-0.4,-0.0,83.0,82.9,82.9,0.4,0.0,1,82.86,82.93,83.27,83.39,86.76,92.43,83.41,92.38,True,False,False
2022-09-22,1663804800,82.9,82.9,82.1,82.9,70600,83.0,-0.1,-0.0,82.9,82.5,83.0,0.1,0.0,1,82.84,82.92,83.28,83.38,86.49,92.49,83.39,92.43,True,False,False
2022-09-23,1663891200,83.0,83.0,81.8,83.0,71200,82.9,0.1,0.0,82.5,82.9,84.2,1.2,0.01,1,82.86,82.93,83.18,83.36,86.23,92.55,83.38,92.49,True,False,False
2022-09-26,1664150400,82.8,84.2,81.9,84.2,87253,82.5,1.7,0.02,82.9,83.0,84.0,-0.2,-0.0,-1,83.1,83.06,83.14,83.37,85.99,92.61,83.36,92.55,True,False,False
2022-09-27,1664236800,82.6,84.0,82.6,84.0,73207,82.9,1.1,0.01,83.0,84.2,83.6,-0.4,-0.0,-1,83.32,83.14,83.14,83.36,85.76,92.67,83.37,92.61,True,False,False
2022-09-28,1664323200,82.9,83.6,82.0,83.6,66102,83.0,0.6,0.01,84.2,84.0,82.0,-1.6,-0.02,-1,83.54,83.2,83.17,83.34,85.52,92.74,83.36,92.67,True,False,False
2022-09-29,1664409600,83.2,83.2,82.0,82.0,50700,84.2,-2.2,-0.03,84.0,83.6,83.5,1.5,0.02,1,83.36,83.1,83.1,83.3,85.26,92.79,83.34,92.74,True,False,False
2022-09-30,1664496000,82.3,83.5,81.8,83.5,105800,84.0,-0.5,-0.01,83.6,82.0,83.0,-0.5,-0.01,-1,83.46,83.16,83.14,83.3,85.02,92.86,83.3,92.79,True,False,False
2022-10-03,1664755200,83.5,83.5,81.4,83.0,66800,83.6,-0.6,-0.01,82.0,83.5,84.4,1.4,0.02,1,83.22,83.16,83.08,83.3,84.78,92.92,83.3,92.86,True,False,False
2022-10-04,1664841600,82.9,84.4,81.8,84.4,89400,82.0,2.4,0.03,83.5,83.0,83.3,-1.1,-0.01,-1,83.3,83.31,83.14,83.31,84.55,92.98,83.3,92.92,True,False,False
2022-10-05,1664928000,84.0,84.0,81.9,83.3,75003,83.5,-0.2,-0.0,83.0,84.4,82.9,-0.4,-0.0,-1,83.24,83.39,83.16,83.31,84.32,93.04,83.31,92.98,True,False,False
2022-10-06,1665014400,83.3,83.3,81.6,82.9,97800,83.0,-0.1,-0.0,84.4,83.3,82.3,-0.6,-0.01,-1,83.42,83.39,83.16,83.3,84.16,93.1,83.31,93.04,True,False,False
2022-10-07,1665100800,83.0,83.0,80.3,82.3,64600,84.4,-2.1,-0.02,83.3,82.9,80.6,-1.7,-0.02,-1,83.18,83.32,83.12,83.27,84.06,93.15,83.3,93.1,True,False,False
2022-10-10,1665360000,82.1,82.1,79.0,80.6,116300,83.3,-2.7,-0.03,82.9,82.3,79.0,-1.6,-0.02,-1,82.7,82.96,83.01,83.2,83.99,93.19,83.27,93.15,True,False,False
2022-10-11,1665446400,80.5,80.5,78.0,79.0,58000,82.9,-3.9,-0.05,82.3,80.6,75.7,-3.3,-0.04,-1,81.62,82.46,82.8,83.14,83.91,93.23,83.2,93.19,True,False,False
2022-10-12,1665532800,79.0,79.0,74.7,75.7,80900,82.3,-6.6,-0.08,80.6,79.0,75.9,0.2,0.0,1,80.1,81.67,82.44,83.0,83.83,93.26,83.14,93.23,True,False,False
2022-10-13,1665619200,75.8,76.3,74.5,75.9,63800,80.6,-4.7,-0.06,79.0,75.7,76.5,0.6,0.01,1,78.7,81.06,82.08,82.87,83.74,93.29,83.0,93.26,True,False,False
2022-10-14,1665705600,76.0,76.5,75.0,76.5,85800,79.0,-2.5,-0.03,75.7,75.9,75.5,-1.0,-0.01,-1,77.54,80.36,81.76,82.75,83.64,93.33,82.87,93.29,True,False,False
2022-10-17,1665964800,76.5,76.5,74.9,75.5,95601,75.7,-0.2,-0.0,75.9,76.5,75.0,-0.5,-0.01,-1,76.52,79.61,81.39,82.64,83.54,93.36,82.75,93.33,True,False,False
2022-10-18,1666051200,75.5,75.9,74.8,75.0,67400,75.9,-0.9,-0.01,76.5,75.5,74.7,-0.3,-0.0,-1,75.72,78.67,80.99,82.48,83.44,93.39,82.64,93.36,True,False,False
2022-10-19,1666137600,75.0,75.5,74.4,74.7,60600,76.5,-1.8,-0.02,75.5,75.0,75.1,0.4,0.01,1,75.52,77.81,80.6,82.29,83.33,93.4,82.48,93.39,True,False,False
2022-10-20,1666224000,74.8,75.1,74.2,75.1,72100,75.5,-0.4,-0.01,75.0,74.7,74.6,-0.5,-0.01,-1,75.36,77.03,80.21,82.13,83.22,93.4,82.29,93.4,True,False,False
2022-10-21,1666310400,75.2,75.4,74.6,74.6,57300,75.0,-0.4,-0.01,74.7,75.1,74.0,-0.6,-0.01,-1,74.98,76.26,79.79,81.96,83.09,93.38,82.13,93.4,True,False,False
2022-10-24,1666569600,74.7,74.7,73.8,74.0,78500,74.7,-0.7,-0.01,75.1,74.6,74.6,0.6,0.01,1,74.68,75.6,79.28,81.78,82.99,93.37,81.96,93.38,True,False,False
2022-10-25,1666656000,74.0,74.6,73.7,74.6,51800,75.1,-0.5,-0.01,74.6,74.0,74.5,-0.1,-0.0,-1,74.6,75.16,78.81,81.61,82.87,93.36,81.78,93.37,True,False,False
2022-10-26,1666742400,74.5,74.5,73.9,74.5,84200,74.6,-0.1,-0.0,74.0,74.6,75.1,0.6,0.01,1,74.56,75.04,78.36,81.44,82.76,93.33,81.61,93.36,True,False,False
2022-10-27,1666828800,74.5,75.1,73.8,75.1,63300,74.0,1.1,0.01,74.6,74.5,75.5,0.4,0.01,1,74.56,74.96,78.01,81.28,82.68,93.27,81.44,93.33,True,False,False
2022-10-28,1666915200,74.5,75.5,74.0,75.5,77300,74.6,0.9,0.01,74.5,75.1,74.9,-0.6,-0.01,-1,74.74,74.86,77.61,81.01,82.56,93.2,81.28,93.27,True,False,False
2022-10-31,1667174400,75.5,75.5,73.9,74.9,30300,74.5,0.4,0.01,75.1,75.5,73.5,-1.4,-0.02,-1,74.92,74.8,77.21,80.84,82.44,93.16,81.01,93.2,True,False,False
2022-11-01,1667260800,74.8,74.8,72.5,73.5,67200,75.1,-1.6,-0.02,75.5,74.9,73.8,0.3,0.0,1,74.7,74.65,76.66,80.64,82.3,93.13,80.84,93.16,True,False,False
2022-11-02,1667347200,73.5,73.8,72.7,73.8,86100,75.5,-1.7,-0.02,74.9,73.5,73.6,-0.2,-0.0,-1,74.56,74.56,76.18,80.46,82.19,93.11,80.64,93.13,True,False,False
2022-11-03,1667433600,73.8,73.8,72.7,73.6,75500,74.9,-1.3,-0.02,73.5,73.8,73.0,-0.6,-0.01,-1,74.26,74.41,75.72,80.28,82.06,93.05,80.46,93.11,True,False,False
2022-11-04,1667520000,73.6,73.6,72.5,73.0,58180,73.5,-0.5,-0.01,73.8,73.6,72.2,-0.8,-0.01,-1,73.76,74.25,75.26,80.04,81.94,92.95,80.28,93.05,True,False,False
2022-11-07,1667779200,73.0,73.0,71.0,72.2,48900,73.8,-1.6,-0.02,73.6,73.0,71.1,-1.1,-0.02,-1,73.22,74.07,74.84,79.78,81.8,92.82,80.04,92.95,True,False,False
2022-11-08,1667865600,72.2,72.2,70.1,71.1,86700,73.6,-2.5,-0.03,73.0,72.2,71.3,0.2,0.0,1,72.74,73.72,74.44,79.52,81.66,92.67,79.78,92.82,True,False,False
2022-11-09,1667952000,71.1,71.3,70.0,71.3,71000,73.0,-1.7,-0.02,72.2,71.1,70.3,-1.0,-0.01,-1,72.24,73.4,74.22,79.29,81.54,92.54,79.52,92.67,True,False,False
2022-11-10,1668038400,71.3,71.3,70.0,70.3,77900,72.2,-1.9,-0.03,71.1,71.3,70.2,-0.1,-0.0,-1,71.58,72.92,73.94,79.03,81.39,92.4,79.29,92.54,True,False,False
2022-11-11,1668124800,70.3,70.8,69.1,70.2,84500,71.1,-0.9,-0.01,71.3,70.3,70.4,0.2,0.0,1,71.02,72.39,73.62,78.78,81.24,92.27,79.03,92.4,True,False,False
2022-11-14,1668384000,70.2,70.4,69.3,70.4,73000,71.3,-0.9,-0.01,70.3,70.2,70.3,-0.1,-0.0,-1,70.66,71.94,73.37,78.5,81.09,92.13,78.78,92.27,True,False,False
2022-11-15,1668470400,70.4,70.4,68.0,70.3,97100,70.3,0.0,0.0,70.2,70.4,70.8,0.5,0.01,1,70.5,71.62,73.13,78.24,80.93,91.97,78.5,92.13,True,False,False
2022-11-16,1668556800,70.2,70.8,69.2,70.8,62800,70.2,0.6,0.01,70.4,70.3,71.0,0.2,0.0,1,70.4,71.32,72.94,78.0,80.78,91.81,78.24,91.97,True,False,False
2022-11-17,1668643200,70.8,71.0,69.3,71.0,79100,70.4,0.6,0.01,70.3,70.8,70.5,-0.5,-0.01,-1,70.54,71.06,72.74,77.76,80.64,91.6,78.0,91.81,True,False,False
2022-11-18,1668729600,71.0,71.0,69.2,70.5,83300,70.3,0.2,0.0,70.8,71.0,70.4,-0.1,-0.0,-1,70.6,70.81,72.53,77.51,80.56,91.33,77.76,91.6,True,False,False
2022-11-21,1668988800,71.0,74.0,70.1,70.4,65000,70.8,-0.4,-0.01,71.0,70.5,70.2,-0.2,-0.0,-1,70.6,70.63,72.35,77.26,80.42,91.06,77.51,91.33,True,False,False
2022-11-22,1669075200,70.4,70.4,69.6,70.2,92200,71.0,-0.8,-0.01,70.5,70.4,70.2,0.0,0.0,-1,70.58,70.54,72.13,77.0,80.28,90.8,77.26,91.06,True,False,False
2022-11-23,1669161600,70.2,70.7,69.0,70.2,83300,70.5,-0.3,-0.0,70.4,70.2,70.2,0.0,0.0,-1,70.46,70.43,71.91,76.75,80.14,90.53,77.0,90.8,True,False,False
2022-11-24,1669248000,70.0,70.2,69.5,70.2,114800,70.4,-0.2,-0.0,70.2,70.2,70.6,0.4,0.01,1,70.3,70.42,71.67,76.49,79.99,90.27,76.75,90.53,True,False,False
2022-11-25,1669334400,70.1,70.6,69.0,70.6,84400,70.2,0.4,0.01,70.2,70.2,70.2,-0.4,-0.01,-1,70.32,70.46,71.42,76.25,79.84,90.04,76.49,90.27,True,False,False
2022-11-28,1669593600,70.6,70.6,68.8,70.2,106600,70.2,0.0,0.0,70.2,70.6,70.2,0.0,0.0,-1,70.28,70.44,71.19,75.99,79.71,89.83,76.25,90.04,True,False,False
2022-11-29,1669680000,70.2,70.4,68.8,70.2,91800,70.2,0.0,0.0,70.6,70.2,70.2,0.0,0.0,-1,70.28,70.43,71.03,75.74,79.57,89.62,75.99,89.83,True,False,False
2022-11-30,1669766400,70.2,70.6,69.5,70.2,95900,70.6,-0.4,-0.01,70.2,70.2,70.2,0.0,0.0,-1,70.28,70.37,70.84,75.49,79.44,89.41,75.74,89.62,True,False,False
2022-12-01,1669852800,70.2,70.7,68.9,70.2,103200,70.2,0.0,0.0,70.2,70.2,69.9,-0.3,-0.0,-1,70.28,70.29,70.68,75.24,79.31,89.21,75.49,89.41,True,False,False
2022-12-02,1669939200,70.2,70.2,69.4,69.9,73900,70.2,-0.3,-0.0,70.2,70.2,69.8,-0.1,-0.0,-1,70.14,70.23,70.52,74.97,79.17,89.0,75.24,89.21,True,False,False
2022-12-05,1670198400,69.9,70.2,69.1,69.8,103400,70.2,-0.4,-0.01,70.2,69.9,70.4,0.6,0.01,1,70.06,70.17,70.4,74.69,79.03,88.8,74.97,89.0,True,False,False
2022-12-06,1670284800,69.8,70.4,69.0,70.4,111800,70.2,0.2,0.0,69.9,69.8,70.1,-0.3,-0.0,-1,70.1,70.19,70.37,74.41,78.89,88.61,74.69,88.8,True,False,False
2022-12-07,1670371200,70.4,70.5,69.0,70.1,96900,69.9,0.2,0.0,69.8,70.4,69.4,-0.7,-0.01,-1,70.08,70.18,70.3,74.14,78.74,88.42,74.41,88.61,True,False,False
2022-12-08,1670457600,70.1,70.6,68.9,69.4,100900,69.8,-0.4,-0.01,70.4,70.1,69.7,0.3,0.0,1,69.92,70.1,70.26,73.89,78.6,88.23,74.14,88.42,True,False,False
2022-12-09,1670544000,69.4,70.9,68.5,69.7,126600,70.4,-0.7,-0.01,70.1,69.4,70.2,0.5,0.01,1,69.88,70.01,70.24,73.62,78.46,88.03,73.89,88.23,True,False,False
2022-12-12,1670803200,70.0,70.2,69.2,70.2,81900,70.1,0.1,0.0,69.4,69.7,69.5,-0.7,-0.01,-1,69.96,70.01,70.22,73.36,78.33,87.84,73.62,88.03,True,False,False
2022-12-13,1670889600,70.2,70.2,69.1,69.5,94400,69.4,0.1,0.0,69.7,70.2,71.0,1.5,0.02,1,69.78,69.94,70.18,73.06,78.19,87.64,73.36,87.84,True,False,False
2022-12-14,1670976000,69.5,71.0,69.0,71.0,47000,69.7,1.3,0.02,70.2,69.5,69.5,-1.5,-0.02,-1,69.96,70.02,70.19,72.82,78.06,87.45,73.06,87.64,True,False,False
2022-12-15,1671062400,71.0,71.2,69.2,69.5,47800,70.2,-0.7,-0.01,69.5,71.0,70.8,1.3,0.02,1,69.98,69.95,70.12,72.55,77.92,87.26,72.82,87.45,True,False,False
2022-12-16,1671148800,69.5,70.8,68.9,70.8,104800,69.5,1.3,0.02,71.0,69.5,69.6,-1.2,-0.02,-1,70.2,70.04,70.14,72.32,77.79,87.07,72.55,87.26,True,False,False
2022-12-19,1671408000,70.8,70.8,69.4,69.6,56200,71.0,-1.4,-0.02,69.5,70.8,71.1,1.5,0.02,1,70.08,70.02,70.1,72.1,77.65,86.88,72.32,87.07,True,False,False
2022-12-20,1671494400,69.6,71.1,69.3,71.1,117760,69.5,1.6,0.02,70.8,69.6,69.5,-1.6,-0.02,-1,70.4,70.09,70.14,71.94,77.54,86.7,72.1,86.88,True,False,False
2022-12-21,1671580800,71.0,71.0,69.5,69.5,62000,70.8,-1.3,-0.02,69.6,71.1,70.6,1.1,0.02,1,70.1,70.03,70.1,71.82,77.41,86.52,71.94,86.7,True,False,False
2022-12-22,1671667200,69.5,70.6,69.0,70.6,74300,69.6,1.0,0.01,71.1,69.5,70.2,-0.4,-0.01,-1,70.32,70.15,70.12,71.71,77.29,86.33,71.82,86.52,True,False,False
2022-12-23,1671753600,70.6,70.7,69.2,70.2,72700,71.1,-0.9,-0.01,69.5,70.6,69.0,-1.2,-0.02,-1,70.2,70.2,70.1,71.58,77.17,86.14,71.71,86.33,True,False,False
2022-12-26,1672012800,70.2,70.4,68.7,69.0,62700,69.5,-0.5,-0.01,70.6,70.2,68.7,-0.3,-0.0,-1,70.08,70.08,70.04,71.45,77.05,85.95,71.58,86.14,True,False,False
2022-12-27,1672099200,69.3,69.5,68.7,68.7,93000,70.6,-1.9,-0.03,70.2,69.0,70.8,2.1,0.03,1,69.6,70.0,69.97,71.33,76.9,85.76,71.45,85.95,True,False,False
2022-12-28,1672185600,69.3,70.8,68.5,70.8,91000,70.2,0.6,0.01,69.0,68.7,71.0,0.2,0.0,1,69.86,69.98,70.0,71.25,76.77,85.58,71.33,85.76,True,False,False
2022-12-29,1672272000,70.8,71.2,69.5,71.0,73900,69.0,2.0,0.03,68.7,70.8,71.5,0.5,0.01,1,69.94,70.13,70.04,71.17,76.65,85.4,71.25,85.58,True,False,False
2022-12-30,1672358400,71.0,71.6,69.8,71.5,80644,68.7,2.8,0.04,70.8,71.0,70.4,-1.1,-0.02,-1,70.2,70.2,70.12,71.11,76.53,85.22,71.17,85.4,True,False,False
2023-01-03,1672704000,71.6,71.8,70.2,70.4,75800,70.8,-0.4,-0.01,71.0,71.5,71.0,0.6,0.01,1,70.48,70.28,70.15,71.03,76.41,85.03,71.11,85.22,True,False,False
2023-01-04,1672790400,70.4,71.0,69.7,71.0,72906,71.0,0.0,0.0,71.5,70.4,70.4,-0.6,-0.01,-1,70.94,70.27,70.18,70.96,76.29,84.84,71.03,85.03,True,False,False
2023-01-05,1672876800,71.0,71.4,70.1,70.4,61100,71.5,-1.1,-0.02,70.4,71.0,69.9,-0.5,-0.01,-1,70.86,70.36,70.2,70.88,76.16,84.65,70.96,84.84,True,False,False
2023-01-06,1672963200,70.5,70.7,69.9,69.9,47600,70.4,-0.5,-0.01,71.0,70.4,69.1,-0.8,-0.01,-1,70.64,70.29,70.22,70.78,76.03,84.41,70.88,84.65,True,False,False
2023-01-09,1673222400,69.9,69.9,68.2,69.1,88900,71.0,-1.9,-0.03,70.4,69.9,68.0,-1.1,-0.02,-1,70.16,70.18,70.19,70.65,75.83,84.2,70.78,84.41,True,False,False
2023-01-10,1673308800,69.1,69.1,67.8,68.0,62100,70.4,-2.4,-0.03,69.9,69.1,66.9,-1.1,-0.02,-1,69.68,70.08,70.08,70.51,75.67,84.0,70.65,84.2,True,False,False
2023-01-11,1673395200,66.8,67.7,66.8,66.9,68500,69.9,-3.0,-0.04,69.1,68.0,65.8,-1.1,-0.02,-1,68.86,69.9,69.95,70.38,75.51,83.79,70.51,84.0,True,False,False
2023-01-12,1673481600,66.9,67.1,65.6,65.8,75500,69.1,-3.3,-0.05,68.0,66.9,66.1,0.3,0.0,1,67.94,69.4,69.69,70.22,75.34,83.59,70.38,83.79,True,False,False
2023-01-13,1673568000,65.8,66.2,65.6,66.1,55200,68.0,-1.9,-0.03,66.9,65.8,64.5,-1.6,-0.02,-1,67.18,68.91,69.52,70.07,75.17,83.38,70.22,83.59,True,False,False
2023-01-16,1673827200,66.0,66.3,64.2,64.5,69200,66.9,-2.4,-0.04,65.8,66.1,63.0,-1.5,-0.02,-1,66.26,68.21,69.2,69.9,74.97,83.17,70.07,83.38,True,False,False
2023-01-17,1673913600,64.5,64.5,63.0,63.0,56900,65.8,-2.8,-0.04,66.1,64.5,63.0,0.0,0.0,-1,65.26,67.47,68.88,69.71,74.75,82.95,69.9,83.17,True,False,False
2023-01-18,1674000000,63.0,63.2,61.7,63.0,62000,66.1,-3.1,-0.05,64.5,63.0,63.2,0.2,0.0,1,64.48,66.67,68.47,69.55,74.54,82.72,69.71,82.95,True,False,False
2023-01-19,1674086400,62.9,63.2,62.5,63.2,77000,64.5,-1.3,-0.02,63.0,63.0,63.5,0.3,0.0,1,63.96,65.95,68.16,69.39,74.34,82.5,69.55,82.72,True,False,False
2023-01-27,1674777600,63.2,63.5,62.9,63.5,48500,63.0,0.5,0.01,63.0,63.2,62.1,-1.4,-0.02,-1,63.44,65.31,67.8,69.25,74.14,82.25,69.39,82.5,True,False,False
2023-01-30,1675036800,63.2,63.2,62.1,62.1,43000,63.0,-0.9,-0.01,63.2,63.5,62.1,0.0,0.0,-1,62.96,64.61,67.4,69.09,73.93,82.01,69.25,82.25,True,False,False
2023-01-31,1675123200,61.7,62.3,60.6,62.1,65200,63.2,-1.1,-0.02,63.5,62.1,60.9,-1.2,-0.02,-1,62.78,64.02,67.05,68.93,73.72,81.77,69.09,82.01,True,False,False
2023-02-01,1675209600,62.2,62.5,60.7,60.9,56830,63.5,-2.6,-0.04,62.1,62.1,60.3,-0.6,-0.01,-1,62.36,63.42,66.66,68.74,73.49,81.53,68.93,81.77,True,False,False
2023-02-02,1675296000,61.2,61.2,59.6,60.3,45200,62.1,-1.8,-0.03,62.1,60.9,60.1,-0.2,-0.0,-1,61.78,62.87,66.13,68.53,73.26,81.29,68.74,81.53,True,False,False
2023-02-03,1675382400,60.5,60.5,59.7,60.1,51700,62.1,-2.0,-0.03,60.9,60.3,58.7,-1.4,-0.02,-1,61.1,62.27,65.59,68.31,73.04,81.05,68.53,81.29,True,False,False
2023-02-06,1675641600,59.8,59.8,58.6,58.7,50200,60.9,-2.2,-0.04,60.3,60.1,57.0,-1.7,-0.03,-1,60.42,61.69,64.95,68.07,72.79,80.8,68.31,81.05,True,False,False
2023-02-07,1675728000,58.7,58.7,57.0,57.0,56010,60.3,-3.3,-0.05,60.1,58.7,55.9,-1.1,-0.02,-1,59.4,61.09,64.28,67.81,72.54,80.54,68.07,80.8,True,False,False
2023-02-08,1675814400,56.9,57.3,52.8,55.9,40001,60.1,-4.2,-0.07,58.7,57.0,55.9,0.0,0.0,-1,58.4,60.38,63.52,67.52,72.26,80.28,67.81,80.54,True,False,False
2023-02-09,1675900800,54.5,55.9,52.0,55.9,72100,58.7,-2.8,-0.05,57.0,55.9,52.4,-3.5,-0.06,-1,57.52,59.65,62.8,67.23,71.99,80.02,67.52,80.28,True,False,False
2023-02-10,1675987200,56.2,56.2,50.4,52.4,36100,57.0,-4.6,-0.08,55.9,55.9,51.9,-0.5,-0.01,-1,55.98,58.54,61.92,66.88,71.68,79.74,67.23,80.02,True,False,False
2023-02-13,1676246400,52.4,52.4,51.9,51.9,16500,55.9,-4.0,-0.07,55.9,52.4,51.5,-0.4,-0.01,-1,54.62,57.52,61.06,66.5,71.38,79.47,66.88,79.74,True,False,False
2023-02-14,1676332800,51.9,51.9,51.4,51.5,18800,55.9,-4.4,-0.08,52.4,51.9,50.6,-0.9,-0.02,-1,53.52,56.46,60.24,66.13,71.06,79.18,66.5,79.47,True,False,False
2023-02-15,1676419200,51.5,51.5,50.0,50.6,16800,52.4,-1.8,-0.03,51.9,51.5,50.8,0.2,0.0,1,52.46,55.43,59.42,65.74,70.74,78.89,66.13,79.18,True,False,False
2023-02-16,1676505600,50.6,50.8,50.6,50.8,32010,51.9,-1.1,-0.02,51.5,50.6,50.4,-0.4,-0.01,-1,51.44,54.48,58.68,65.35,70.42,78.59,65.74,78.89,True,False,False
2023-02-17,1676592000,50.6,50.7,45.9,50.4,35600,51.5,-1.1,-0.02,50.6,50.8,50.0,-0.4,-0.01,-1,51.04,53.51,57.89,64.95,70.1,78.29,65.35,78.59,True,False,False
2023-02-20,1676851200,50.4,51.2,48.5,50.0,75230,50.6,-0.6,-0.01,50.8,50.4,50.0,0.0,0.0,-1,50.66,52.64,57.16,64.56,69.76,78.0,64.95,78.29,True,False,False
2023-02-21,1676937600,49.8,51.5,48.5,50.0,74900,50.8,-0.8,-0.02,50.4,50.0,50.0,0.0,0.0,-1,50.36,51.94,56.52,64.16,69.42,77.71,64.56,78.0,True,False,False
2023-02-22,1677024000,49.9,50.0,48.9,50.0,54700,50.4,-0.4,-0.01,50.0,50.0,48.0,-2.0,-0.04,-1,50.24,51.35,55.86,63.75,69.08,77.42,64.16,77.71,True,False,False
2023-02-23,1677110400,50.2,50.4,47.9,48.0,47400,50.0,-2.0,-0.04,50.0,50.0,47.3,-0.7,-0.01,-1,49.68,50.56,55.1,63.31,68.73,77.12,63.75,77.42,True,False,False
2023-02-24,1677196800,48.8,50.5,47.3,47.3,57800,50.0,-2.7,-0.05,50.0,48.0,43.0,-4.3,-0.09,-1,49.06,50.05,54.29,62.87,68.38,76.82,63.31,77.12,True,False,False
2023-02-27,1677456000,46.8,46.8,42.6,43.0,26100,50.0,-7.0,-0.14,48.0,47.3,43.0,0.0,0.0,-1,47.66,49.16,53.34,62.33,67.97,76.5,62.87,76.82,True,False,False
2023-02-28,1677542400,43.7,44.1,39.0,43.0,20000,48.0,-5.0,-0.1,47.3,43.0,44.9,1.9,0.04,1,46.26,48.31,52.39,61.79,67.58,76.18,62.33,76.5,True,False,False
2023-03-01,1677628800,43.2,44.9,43.2,44.9,40900,47.3,-2.4,-0.05,43.0,43.0,42.0,-2.9,-0.06,-1,45.24,47.74,51.58,61.3,67.18,75.86,61.79,76.18,True,False,False
2023-03-02,1677715200,45.0,46.3,41.0,42.0,16200,43.0,-1.0,-0.02,43.0,44.9,41.9,-0.1,-0.0,-1,44.04,46.86,50.67,60.72,66.77,75.54,61.3,75.86,True,False,False
2023-03-03,1677801600,43.0,43.7,41.0,41.9,13300,43.0,-1.1,-0.03,44.9,42.0,43.8,1.9,0.05,1,42.96,46.01,49.76,60.17,66.36,75.26,60.72,75.54,True,False,False
2023-03-06,1678060800,42.5,44.0,42.5,43.8,29100,44.9,-1.1,-0.02,42.0,41.9,44.6,0.8,0.02,1,43.12,45.39,49.02,59.63,65.97,75.02,60.17,75.26,True,False,False
2023-03-07,1678147200,44.0,45.4,44.0,44.6,33100,42.0,2.6,0.06,41.9,43.8,43.0,-1.6,-0.04,-1,43.44,44.85,48.4,59.13,65.61,74.8,59.63,75.02,True,False,False
2023-03-08,1678233600,44.6,44.8,41.0,43.0,27300,41.9,1.1,0.03,43.8,44.6,41.9,-1.1,-0.03,-1,43.06,44.15,47.75,58.56,65.25,74.58,59.13,74.8,True,False,False
2023-03-09,1678320000,42.5,42.8,40.0,41.9,20500,43.8,-1.9,-0.04,44.6,43.0,42.5,0.6,0.01,1,43.04,43.54,47.05,58.01,64.91,74.37,58.56,74.58,True,False,False
2023-03-10,1678406400,42.2,42.5,42.2,42.5,7100,44.6,-2.1,-0.05,43.0,41.9,42.8,0.3,0.01,1,43.16,43.06,46.55,57.45,64.58,74.16,58.01,74.37,True,False,False
2023-03-13,1678665600,43.0,43.4,42.5,42.8,39400,43.0,-0.2,-0.0,41.9,42.5,41.5,-1.3,-0.03,-1,42.96,43.04,46.1,56.9,64.24,73.94,57.45,74.16,True,False,False
2023-03-14,1678752000,42.6,42.6,40.0,41.5,19000,41.9,-0.4,-0.01,42.5,42.8,42.0,0.5,0.01,1,42.34,42.89,45.6,56.35,63.9,73.72,56.9,73.94,True,False,False
2023-03-15,1678838400,41.6,45.0,41.5,42.0,59400,42.5,-0.5,-0.01,42.8,41.5,41.8,-0.2,-0.0,-1,42.14,42.6,45.17,55.82,63.57,73.5,56.35,73.72,True,False,False
2023-03-16,1678924800,43.0,43.0,41.8,41.8,22204,42.8,-1.0,-0.02,41.5,42.0,42.3,0.5,0.01,1,42.12,42.58,44.72,55.24,63.24,73.29,55.82,73.5,True,False,False
2023-03-17,1679011200,42.0,42.5,41.5,42.3,24100,41.5,0.8,0.02,42.0,41.8,42.2,-0.1,-0.0,-1,42.08,42.62,44.32,54.66,62.92,73.07,55.24,73.29,True,False,False
2023-03-20,1679270400,42.5,43.5,42.0,42.2,37700,42.0,0.2,0.0,41.8,42.3,43.2,1.0,0.02,1,41.96,42.46,43.92,54.08,62.59,72.84,54.66,73.07,True,False,False
2023-03-21,1679356800,42.2,43.3,42.2,43.2,44300,41.8,1.4,0.03,42.3,42.2,43.8,0.6,0.01,1,42.3,42.32,43.58,53.53,62.28,72.64,54.08,72.84,True,False,False
2023-03-22,1679443200,43.2,44.0,43.2,43.8,31304,42.3,1.5,0.04,42.2,43.2,41.0,-2.8,-0.06,-1,42.66,42.4,43.28,52.99,61.98,72.42,53.53,72.64,True,False,False
2023-03-23,1679529600,43.8,43.8,39.5,41.0,23800,42.2,-1.2,-0.03,43.2,43.8,43.5,2.5,0.06,1,42.5,42.31,42.92,52.4,61.64,72.2,52.99,72.42,True,False,False
2023-03-24,1679616000,42.0,43.5,42.0,43.5,31800,43.2,0.3,0.01,43.8,41.0,43.9,0.4,0.01,1,42.74,42.41,42.74,51.87,61.32,72.0,52.4,72.2,True,False,False
2023-03-27,1679875200,43.3,44.0,43.3,43.9,20037,43.8,0.1,0.0,41.0,43.5,40.8,-3.1,-0.07,-1,43.08,42.52,42.78,51.37,61.01,71.79,51.87,72.0,True,False,False
2023-03-28,1679961600,42.8,42.8,39.6,40.8,22300,41.0,-0.2,-0.0,43.5,43.9,40.0,-0.8,-0.02,-1,42.6,42.45,42.67,50.83,60.67,71.55,51.37,71.79,True,False,False
2023-03-29,1680048000,41.8,41.8,37.1,40.0,10200,43.5,-3.5,-0.08,43.9,40.8,40.6,0.6,0.02,1,41.84,42.25,42.42,50.29,60.33,71.32,50.83,71.55,True,False,False
2023-03-30,1680134400,41.0,41.0,40.5,40.6,9403,43.9,-3.3,-0.08,40.8,40.0,40.4,-0.2,-0.0,-1,41.76,42.13,42.36,49.78,60.0,71.09,50.29,71.32,True,False,False
2023-03-31,1680220800,39.0,40.6,39.0,40.4,15903,40.8,-0.4,-0.01,40.0,40.6,40.8,0.4,0.01,1,41.14,41.94,42.28,49.27,59.67,70.86,49.78,71.09,True,False,False
2023-04-03,1680480000,39.8,40.8,39.5,40.8,25800,40.0,0.8,0.02,40.6,40.4,42.0,1.2,0.03,1,40.52,41.8,42.13,48.8,59.35,70.64,49.27,70.86,True,False,False
2023-04-04,1680566400,40.0,42.0,39.0,42.0,52976,40.6,1.4,0.03,40.4,40.8,42.8,0.8,0.02,1,40.76,41.68,42.0,48.38,59.04,70.42,48.8,70.64,True,False,False
2023-04-05,1680652800,41.5,42.8,41.5,42.8,21503,40.4,2.4,0.06,40.8,42.0,43.9,1.1,0.03,1,41.32,41.58,41.99,47.97,58.76,70.21,48.38,70.42,True,False,False
2023-04-06,1680739200,42.8,44.5,42.8,43.9,33306,40.8,3.1,0.08,42.0,42.8,41.5,-2.4,-0.05,-1,41.98,41.87,42.09,47.59,58.49,70.01,47.97,70.21,True,False,False
2023-04-07,1680825600,43.8,44.5,40.0,41.5,14900,42.0,-0.5,-0.01,42.8,43.9,42.5,1.0,0.02,1,42.2,41.67,42.04,47.15,58.2,69.8,47.59,70.01,True,False,False
2023-04-10,1681084800,42.0,43.0,42.0,42.5,26600,42.8,-0.3,-0.01,43.9,41.5,42.6,0.1,0.0,1,42.54,41.53,42.02,46.75,57.92,69.58,47.15,69.8,True,False,False
2023-04-11,1681171200,42.5,43.1,42.3,42.6,34800,43.9,-1.3,-0.03,41.5,42.5,42.4,-0.2,-0.0,-1,42.66,41.71,42.08,46.36,57.64,69.37,46.75,69.58,True,False,False
2023-04-12,1681257600,42.6,43.2,42.0,42.4,28100,41.5,0.9,0.02,42.5,42.6,41.0,-1.4,-0.03,-1,42.58,41.95,42.1,45.99,57.37,69.15,46.36,69.37,True,False,False
2023-04-13,1681344000,42.2,42.2,39.2,41.0,18300,42.5,-1.5,-0.04,42.6,42.4,43.4,2.4,0.06,1,42.0,41.99,42.06,45.61,57.07,68.92,45.99,69.15,True,False,False
2023-04-14,1681430400,41.3,43.4,39.0,43.4,28400,42.6,0.8,0.02,42.4,41.0,42.5,-0.9,-0.02,-1,42.38,42.29,42.11,45.27,56.79,68.72,45.61,68.92,True,False,False
2023-04-17,1681689600,43.0,43.4,42.0,42.5,21503,42.4,0.1,0.0,41.0,43.4,42.8,0.3,0.01,1,42.38,42.46,42.13,44.95,56.51,68.54,45.27,68.72,True,False,False
2023-04-18,1681776000,42.5,43.2,42.5,42.8,25500,41.0,1.8,0.04,43.4,42.5,39.5,-3.3,-0.08,-1,42.42,42.54,42.11,44.67,56.24,68.33,44.95,68.54,True,False,False
2023-04-19,1681862400,42.0,42.2,39.5,39.5,13601,43.4,-3.9,-0.09,42.5,42.8,36.7,-2.8,-0.07,-1,41.84,42.21,41.9,44.34,55.93,68.1,44.67,68.33,True,False,False
2023-04-20,1681948800,39.7,41.7,36.7,36.7,17301,42.5,-5.8,-0.14,42.8,39.5,40.0,3.3,0.09,1,40.98,41.49,41.68,43.95,55.59,67.87,44.34,68.1,True,False,False
2023-04-21,1682035200,37.5,40.0,37.5,40.0,8570,42.8,-2.8,-0.07,39.5,36.7,40.8,0.8,0.02,1,40.3,41.34,41.5,43.71,55.29,67.64,43.95,67.87,True,False,False
2023-04-24,1682294400,40.5,41.2,40.0,40.8,23426,39.5,1.3,0.03,36.7,40.0,40.4,-0.4,-0.01,-1,39.96,41.17,41.35,43.48,54.99,67.42,43.71,67.64,True,False,False
2023-04-25,1682380800,40.8,40.9,40.3,40.4,14000,36.7,3.7,0.1,40.0,40.8,40.6,0.2,0.0,1,39.48,40.95,41.33,43.26,54.7,67.2,43.48,67.42,True,False,False
2023-04-26,1682467200,40.5,40.8,39.5,40.6,11400,40.0,0.6,0.02,40.8,40.4,40.0,-0.6,-0.01,-1,39.7,40.77,41.36,43.06,54.4,66.99,43.26,67.2,True,False,False
2023-04-27,1682553600,40.4,40.6,38.3,40.0,18200,40.8,-0.8,-0.02,40.4,40.6,39.8,-0.2,-0.0,-1,40.36,40.67,41.33,42.85,54.1,66.77,43.06,66.99,True,False,False
2023-04-28,1682640000,40.5,40.5,39.8,39.8,7417,40.4,-0.6,-0.01,40.6,40.0,40.5,0.7,0.02,1,40.32,40.31,41.3,42.63,53.79,66.55,42.85,66.77,True,False,False
2023-05-04,1683158400,38.3,40.5,38.3,40.5,24469,40.6,-0.1,-0.0,40.0,39.8,40.9,0.4,0.01,1,40.26,40.11,41.28,42.44,53.5,66.33,42.63,66.55,True,False,False
2023-05-05,1683244800,40.3,40.9,40.0,40.9,17104,40.0,0.9,0.02,39.8,40.5,41.1,0.2,0.0,1,40.36,39.92,41.23,42.26,53.21,66.12,42.44,66.33,True,False,False
2023-05-08,1683504000,41.0,41.7,40.8,41.1,14810,39.8,1.3,0.03,40.5,40.9,42.0,0.9,0.02,1,40.46,40.08,41.14,42.08,52.92,65.9,42.26,66.12,True,False,False
2023-05-09,1683590400,41.1,42.0,40.9,42.0,7600,40.5,1.5,0.04,40.9,41.1,40.6,-1.4,-0.03,-1,40.86,40.61,41.05,41.96,52.64,65.69,42.08,65.9,True,False,False
2023-05-10,1683676800,41.9,41.9,39.5,40.6,11304,40.9,-0.3,-0.01,41.1,42.0,41.2,0.6,0.01,1,41.02,40.67,41.0,41.83,52.35,65.47,41.96,65.69,True,False,False
2023-05-11,1683763200,40.8,41.6,40.8,41.2,22900,41.1,0.1,0.0,42.0,40.6,40.2,-1.0,-0.02,-1,41.16,40.71,40.94,41.79,52.06,65.26,41.83,65.47,True,False,False
2023-05-12,1683849600,41.5,41.5,40.2,40.2,14012,42.0,-1.8,-0.04,40.6,41.2,39.9,-0.3,-0.01,-1,41.02,40.69,40.82,41.74,51.76,65.05,41.79,65.26,True,False,False
2023-05-15,1684108800,40.2,40.2,39.5,39.9,12006,40.6,-0.7,-0.02,41.2,40.2,40.0,0.1,0.0,1,40.78,40.62,40.7,41.64,51.47,64.83,41.74,65.05,True,False,False
2023-05-16,1684195200,40.5,40.8,39.6,40.0,11200,41.2,-1.2,-0.03,40.2,39.9,40.0,0.0,0.0,-1,40.38,40.62,40.64,41.6,51.16,64.61,41.64,64.83,True,False,False
2023-05-17,1684281600,40.1,40.3,38.6,40.0,11900,40.2,-0.2,-0.0,39.9,40.0,39.7,-0.3,-0.01,-1,40.26,40.64,40.48,41.56,50.86,64.39,41.6,64.61,True,False,False
2023-05-18,1684368000,39.0,40.1,38.6,39.7,18300,39.9,-0.2,-0.01,40.0,40.0,39.7,0.0,0.0,-1,39.96,40.56,40.34,41.48,50.55,64.17,41.56,64.39,True,False,False
2023-05-19,1684454400,40.0,40.0,39.5,39.7,12000,40.0,-0.3,-0.01,40.0,39.7,39.8,0.1,0.0,1,39.86,40.44,40.18,41.38,50.25,63.95,41.48,64.17,True,False,False
2023-05-22,1684713600,40.3,40.4,39.7,39.8,10800,40.0,-0.2,-0.0,39.7,39.7,39.8,0.0,0.0,-1,39.84,40.31,40.2,41.32,49.94,63.74,41.38,63.95,True,False,False
2023-05-23,1684800000,40.0,40.0,39.5,39.8,8700,39.7,0.1,0.0,39.7,39.8,39.6,-0.2,-0.01,-1,39.8,40.09,40.35,41.27,49.64,63.53,41.32,63.74,True,False,False
2023-05-24,1684886400,39.2,39.7,39.0,39.6,16100,39.7,-0.1,-0.0,39.8,39.8,39.7,0.1,0.0,1,39.72,39.99,40.33,41.22,49.33,63.31,41.27,63.53,True,False,False
2023-05-25,1684972800,39.6,40.0,39.2,39.7,7610,39.8,-0.1,-0.0,39.8,39.6,39.6,-0.1,-0.0,-1,39.72,39.84,40.28,41.15,49.03,63.1,41.22,63.31,True,False,False
2023-05-26,1685059200,38.9,39.6,38.9,39.6,11300,39.8,-0.2,-0.01,39.6,39.7,39.4,-0.2,-0.01,-1,39.7,39.78,40.24,41.12,48.73,62.89,41.15,63.1,True,False,False
2023-05-29,1685318400,39.6,39.7,39.2,39.4,12000,39.6,-0.2,-0.01,39.7,39.6,38.5,-0.9,-0.02,-1,39.62,39.73,40.17,41.06,48.44,62.67,41.12,62.89,True,False,False
2023-05-30,1685404800,39.2,39.3,38.0,38.5,7500,39.7,-1.2,-0.03,39.6,39.4,38.5,0.0,0.0,-1,39.36,39.58,40.1,41.0,48.12,62.44,41.06,62.67,True,False,False
2023-05-31,1685491200,37.8,38.6,37.6,38.5,22300,39.6,-1.1,-0.03,39.4,38.5,41.3,2.8,0.07,1,39.14,39.43,40.03,40.92,47.79,62.22,41.0,62.44,True,False,False
2023-06-01,1685577600,38.7,42.0,38.0,41.3,38502,39.4,1.9,0.05,38.5,38.5,42.8,1.5,0.04,1,39.46,39.59,40.08,40.9,47.49,62.01,40.92,62.22,True,False,False
2023-06-02,1685664000,42.3,43.5,41.3,42.8,23411,38.5,4.3,0.11,38.5,41.3,40.8,-2.0,-0.05,-1,40.1,39.9,40.17,40.9,47.22,61.81,40.9,62.01,True,False,False
2023-06-05,1685923200,42.8,43.0,40.3,40.8,20600,38.5,2.3,0.06,41.3,42.8,41.2,0.4,0.01,1,40.38,40.0,40.15,40.84,46.91,61.6,40.9,61.81,True,False,False
2023-06-06,1686009600,41.0,41.5,40.5,41.2,14600,41.3,-0.1,-0.0,42.8,40.8,41.0,-0.2,-0.0,-1,40.92,40.14,40.11,40.84,46.62,61.39,40.84,61.6,True,False,False
2023-06-07,1686096000,41.2,41.5,41.0,41.0,8000,42.8,-1.8,-0.04,40.8,41.2,40.7,-0.3,-0.01,-1,41.42,40.28,40.14,40.79,46.33,61.18,40.84,61.39,True,False,False
2023-06-08,1686182400,40.7,40.9,40.6,40.7,8300,40.8,-0.1,-0.0,41.2,41.0,40.8,0.1,0.0,1,41.3,40.38,40.11,40.73,46.05,60.94,40.79,61.18,True,False,False
2023-06-09,1686268800,41.0,41.4,40.6,40.8,15300,41.2,-0.4,-0.01,41.0,40.7,40.8,0.0,0.0,-1,40.9,40.5,40.14,40.73,45.78,60.72,40.73,60.94,True,False,False
2023-06-12,1686528000,40.5,40.8,40.3,40.8,8100,41.0,-0.2,-0.0,40.7,40.8,39.5,-1.3,-0.03,-1,40.9,40.64,40.18,40.74,45.52,60.51,40.73,60.72,True,False,False
2023-06-13,1686614400,40.8,41.0,39.3,39.5,27300,40.7,-1.2,-0.03,40.8,40.8,40.6,1.1,0.03,1,40.56,40.74,40.16,40.72,45.25,60.3,40.74,60.51,True,False,False
2023-06-14,1686700800,39.5,40.6,39.2,40.6,16200,40.8,-0.2,-0.0,40.8,39.5,40.0,-0.6,-0.01,-1,40.48,40.95,40.19,40.72,45.0,60.09,40.72,60.3,True,False,False
2023-06-15,1686787200,40.5,40.5,39.5,40.0,13400,40.8,-0.8,-0.02,39.5,40.6,39.5,-0.5,-0.01,-1,40.34,40.82,40.2,40.71,44.75,59.86,40.72,60.09,True,False,False
2023-06-16,1686873600,39.6,39.8,39.0,39.5,9300,39.5,0.0,0.0,40.6,40.0,39.5,0.0,0.0,-1,40.08,40.49,40.2,40.66,44.52,59.63,40.71,59.86,True,False,False
2023-06-19,1687132800,39.5,40.0,39.0,39.5,7900,40.6,-1.1,-0.03,40.0,39.5,39.5,0.0,0.0,-1,39.82,40.36,40.18,40.59,44.28,59.41,40.66,59.63,True,False,False
2023-06-20,1687219200,39.5,39.5,39.0,39.5,5800,40.0,-0.5,-0.01,39.5,39.5,39.7,0.2,0.01,1,39.82,40.19,40.16,40.5,44.04,59.19,40.59,59.41,True,False,False
2023-06-21,1687305600,39.0,39.9,38.6,39.7,7300,39.5,0.2,0.01,39.5,39.5,39.0,-0.7,-0.02,-1,39.64,40.06,40.17,40.47,43.81,58.97,40.5,59.19,True,False,False
2023-06-22,1687392000,39.7,39.7,38.7,39.0,5100,39.5,-0.5,-0.01,39.5,39.7,38.8,-0.2,-0.01,-1,39.44,39.89,40.14,40.4,43.58,58.76,40.47,58.97,True,False,False
2023-06-23,1687478400,38.8,38.9,38.5,38.8,4210,39.5,-0.7,-0.02,39.7,39.0,40.0,1.2,0.03,1,39.3,39.69,40.1,40.32,43.34,58.53,40.4,58.76,True,False,False
2023-06-26,1687737600,38.8,40.5,38.5,40.0,7300,39.7,0.3,0.01,39.0,38.8,39.5,-0.5,-0.01,-1,39.4,39.61,40.12,40.27,43.13,58.31,40.32,58.53,True,False,False
2023-06-27,1687824000,39.5,39.9,39.0,39.5,5700,39.0,0.5,0.01,38.8,40.0,41.1,1.6,0.04,1,39.4,39.61,40.17,40.24,42.93,58.1,40.27,58.31,True,False,False
2023-06-28,1687910400,39.2,41.2,38.6,41.1,19900,38.8,2.3,0.06,40.0,39.5,41.0,-0.1,-0.0,-1,39.68,39.66,40.3,40.2,42.74,57.89,40.24,58.1,True,False,False
2023-06-29,1687996800,41.2,41.4,40.8,41.0,15144,40.0,1.0,0.02,39.5,41.1,40.5,-0.5,-0.01,-1,40.08,39.76,40.29,40.17,42.56,57.68,40.2,57.89,True,False,False
2023-06-30,1688083200,41.3,41.5,39.5,40.5,13300,39.5,1.0,0.03,41.1,41.0,40.0,-0.5,-0.01,-1,40.42,39.86,40.17,40.12,42.39,57.46,40.17,57.68,True,False,False
2023-07-03,1688342400,40.6,40.6,39.2,40.0,11000,41.1,-1.1,-0.03,41.0,40.5,40.6,0.6,0.02,1,40.42,39.91,40.14,40.13,42.24,57.25,40.12,57.46,True,False,False
2023-07-04,1688428800,40.3,40.6,39.5,40.6,21300,41.0,-0.4,-0.01,40.5,40.0,40.3,-0.3,-0.01,-1,40.64,40.02,40.11,40.21,42.08,57.04,40.13,57.25,True,False,False
2023-07-05,1688515200,40.6,40.7,40.3,40.3,14800,40.5,-0.2,-0.0,40.0,40.6,40.0,-0.3,-0.01,-1,40.48,40.08,40.07,40.22,41.96,56.82,40.21,57.04,True,False,False
2023-07-06,1688601600,40.4,40.4,39.5,40.0,15300,40.0,0.0,0.0,40.6,40.3,40.2,0.2,0.0,1,40.28,40.18,40.03,40.2,41.84,56.61,40.22,56.82,True,False,False
2023-07-07,1688688000,40.1,40.3,39.9,40.2,16500,40.6,-0.4,-0.01,40.3,40.0,40.4,0.2,0.0,1,40.22,40.32,40.01,40.2,41.73,56.39,40.2,56.61,True,False,False
2023-07-10,1688947200,40.3,40.7,40.2,40.4,27201,40.3,0.1,0.0,40.0,40.2,40.3,-0.1,-0.0,-1,40.3,40.36,39.98,40.19,41.63,56.18,40.2,56.39,True,False,False
2023-07-11,1689033600,40.3,40.5,40.2,40.3,17200,40.0,0.3,0.01,40.2,40.4,39.9,-0.4,-0.01,-1,40.24,40.44,40.02,40.2,41.52,55.97,40.19,56.18,True,False,False
2023-07-12,1689120000,40.3,40.3,39.8,39.9,16501,40.2,-0.3,-0.01,40.4,40.3,40.0,0.1,0.0,1,40.16,40.32,39.99,40.2,41.42,55.76,40.2,55.97,True,False,False
2023-07-13,1689206400,40.0,40.3,39.7,40.0,15805,40.4,-0.4,-0.01,40.3,39.9,40.1,0.1,0.0,1,40.16,40.22,39.99,40.19,41.32,55.54,40.2,55.76,True,False,False
2023-07-14,1689292800,40.0,40.2,39.5,40.1,15000,40.3,-0.2,-0.0,39.9,40.0,39.9,-0.2,-0.0,-1,40.14,40.18,40.02,40.17,41.22,55.32,40.19,55.54,True,False,False
2023-07-17,1689552000,40.1,40.5,39.9,39.9,10900,39.9,0.0,0.0,40.0,40.1,40.5,0.6,0.02,1,40.04,40.17,40.04,40.15,41.12,55.1,40.17,55.32,True,False,False
2023-07-18,1689638400,40.0,40.7,40.0,40.5,10625,40.0,0.5,0.01,40.1,39.9,40.7,0.2,0.0,1,40.08,40.16,40.09,40.12,41.04,54.88,40.15,55.1,True,False,False
2023-07-19,1689724800,40.5,40.8,40.5,40.7,15200,40.1,0.6,0.01,39.9,40.5,41.1,0.4,0.01,1,40.24,40.2,40.14,40.12,40.98,54.68,40.12,54.88,True,False,False
2023-07-20,1689811200,40.7,41.2,40.7,41.1,15500,39.9,1.2,0.03,40.5,40.7,41.0,-0.1,-0.0,-1,40.46,40.31,40.24,40.12,40.96,54.47,40.12,54.68,True,False,False
2023-07-21,1689897600,41.2,41.5,41.0,41.0,20000,40.5,0.5,0.01,40.7,41.1,41.0,0.0,0.0,-1,40.64,40.39,40.36,40.14,40.94,54.26,40.12,54.47,True,False,False
2023-07-24,1690156800,41.0,41.5,41.0,41.0,10802,40.7,0.3,0.01,41.1,41.0,40.9,-0.1,-0.0,-1,40.86,40.45,40.4,40.16,40.9,54.04,40.14,54.26,True,False,False
2023-07-25,1690243200,41.1,41.4,40.9,40.9,16000,41.1,-0.2,-0.0,41.0,41.0,40.0,-0.9,-0.02,-1,40.94,40.51,40.48,40.18,40.89,53.83,40.16,54.04,True,False,False
2023-07-26,1690329600,40.9,40.9,39.2,40.0,15300,41.0,-1.0,-0.02,41.0,40.9,40.6,0.6,0.02,1,40.8,40.52,40.42,40.18,40.87,53.61,40.18,53.83,True,False,False
2023-07-27,1690416000,40.0,40.6,40.0,40.6,13510,41.0,-0.4,-0.01,40.9,40.0,40.9,0.3,0.01,1,40.7,40.58,40.4,40.19,40.84,53.4,40.18,53.61,True,False,False
2023-07-28,1690502400,40.6,41.0,40.6,40.9,16200,40.9,0.0,0.0,40.0,40.6,40.8,-0.1,-0.0,-1,40.68,40.66,40.42,40.22,40.8,53.21,40.19,53.4,True,False,False
2023-07-31,1690761600,41.0,41.1,40.7,40.8,13901,40.0,0.8,0.02,40.6,40.9,40.2,-0.6,-0.01,-1,40.64,40.75,40.46,40.24,40.78,53.01,40.22,53.21,True,False,False
2023-08-01,1690848000,40.8,40.9,39.0,40.2,16300,40.6,-0.4,-0.01,40.9,40.8,40.4,0.2,0.0,1,40.5,40.72,40.44,40.25,40.76,52.84,40.24,53.01,True,False,False
2023-08-02,1690934400,40.3,40.5,40.1,40.4,15630,40.9,-0.5,-0.01,40.8,40.2,40.3,-0.1,-0.0,-1,40.58,40.69,40.45,40.26,40.74,52.66,40.25,52.84,True,False,False
2023-08-03,1691020800,40.4,40.6,40.3,40.3,14300,40.8,-0.5,-0.01,40.2,40.4,40.6,0.3,0.01,1,40.52,40.61,40.46,40.27,40.71,52.48,40.26,52.66,True,False,False
2023-08-04,1691107200,40.3,40.6,40.0,40.6,14330,40.2,0.4,0.01,40.4,40.3,39.9,-0.7,-0.02,-1,40.46,40.57,40.48,40.29,40.7,52.3,40.27,52.48,True,False,False
2023-08-07,1691366400,40.4,40.4,39.0,39.9,14045,40.4,-0.5,-0.01,40.3,40.6,40.1,0.2,0.01,1,40.28,40.46,40.46,40.3,40.68,52.13,40.29,52.3,True,False,False
2023-08-08,1691452800,39.9,40.1,39.9,40.1,13100,40.3,-0.2,-0.0,40.6,39.9,40.1,0.0,0.0,-1,40.26,40.38,40.44,40.34,40.67,51.96,40.3,52.13,True,False,False
2023-08-09,1691539200,40.3,40.3,39.9,40.1,13400,40.6,-0.5,-0.01,39.9,40.1,40.1,0.0,0.0,-1,40.2,40.39,40.46,40.37,40.65,51.78,40.34,51.96,True,False,False
2023-08-10,1691625600,40.1,40.5,40.1,40.1,14600,39.9,0.2,0.01,40.1,40.1,40.7,0.6,0.01,1,40.16,40.34,40.46,40.34,40.62,51.61,40.37,51.78,True,False,False
2023-08-11,1691712000,40.2,40.8,39.9,40.7,14900,40.1,0.6,0.01,40.1,40.1,40.9,0.2,0.0,1,40.18,40.32,40.49,40.3,40.6,51.44,40.34,51.61,True,False,False
2023-08-14,1691971200,40.7,41.2,40.7,40.9,15901,40.1,0.8,0.02,40.1,40.7,40.8,-0.1,-0.0,-1,40.38,40.33,40.54,40.3,40.57,51.27,40.3,51.44,True,False,False
2023-08-15,1692057600,41.0,41.1,40.8,40.8,13135,40.1,0.7,0.02,40.7,40.9,40.8,0.0,0.0,-1,40.52,40.39,40.55,40.3,40.57,51.1,40.3,51.27,True,False,False
2023-08-16,1692144000,40.8,41.0,40.6,40.8,14105,40.7,0.1,0.0,40.9,40.8,40.1,-0.7,-0.02,-1,40.66,40.43,40.56,40.29,40.54,50.93,40.3,51.1,True,False,False
2023-08-17,1692230400,40.7,40.7,39.6,40.1,13805,40.9,-0.8,-0.02,40.8,40.8,39.9,-0.2,-0.0,-1,40.66,40.41,40.51,40.28,40.5,50.76,40.29,50.93,True,False,False
2023-08-18,1692316800,40.2,40.2,39.7,39.9,13100,40.8,-0.9,-0.02,40.8,40.1,40.0,0.1,0.0,1,40.5,40.34,40.46,40.26,40.49,50.58,40.28,50.76,True,False,False
2023-08-21,1692576000,40.0,40.2,38.9,40.0,11700,40.8,-0.8,-0.02,40.1,39.9,40.3,0.3,0.01,1,40.32,40.35,40.4,40.25,40.49,50.41,40.26,50.58,True,False,False
2023-08-22,1692662400,40.0,40.5,39.5,40.3,13100,40.1,0.2,0.0,39.9,40.0,40.4,0.1,0.0,1,40.22,40.37,40.38,40.26,40.49,50.25,40.25,50.41,True,False,False
2023-08-23,1692748800,40.3,40.5,40.1,40.4,13800,39.9,0.5,0.01,40.0,40.3,40.5,0.1,0.0,1,40.14,40.4,40.39,40.26,40.49,50.08,40.26,50.25,True,False,False
2023-08-24,1692835200,40.4,40.6,40.3,40.5,14119,40.0,0.5,0.01,40.3,40.4,40.3,-0.2,-0.0,-1,40.22,40.44,40.39,40.27,40.49,49.92,40.26,50.08,True,False,False
2023-08-25,1692921600,40.5,40.7,40.2,40.3,14900,40.3,0.0,0.0,40.4,40.5,40.1,-0.2,-0.0,-1,40.3,40.4,40.36,40.28,40.47,49.76,40.27,49.92,True,False,False
2023-08-28,1693180800,40.3,40.5,40.1,40.1,12902,40.4,-0.3,-0.01,40.5,40.3,40.3,0.2,0.0,1,40.32,40.32,40.33,40.3,40.44,49.6,40.28,49.76,True,False,False
2023-08-29,1693267200,40.1,40.6,40.1,40.3,13405,40.5,-0.2,-0.0,40.3,40.1,40.1,-0.2,-0.0,-1,40.32,40.27,40.33,40.31,40.41,49.45,40.3,49.6,True,False,False
2023-08-30,1693353600,40.3,40.3,40.0,40.1,11900,40.3,-0.2,-0.0,40.1,40.3,40.2,0.1,0.0,1,40.26,40.2,40.32,40.32,40.39,49.3,40.31,49.45,True,False,False
2023-08-31,1693440000,40.1,40.4,40.1,40.2,11900,40.1,0.1,0.0,40.3,40.1,40.8,0.6,0.01,1,40.2,40.21,40.31,40.34,40.37,49.15,40.32,49.3,True,False,False
2023-09-05,1693872000,40.2,40.8,39.5,40.8,14400,40.3,0.5,0.01,40.1,40.2,40.8,0.0,0.0,-1,40.3,40.3,40.32,40.38,40.35,49.0,40.34,49.15,True,False,False
2023-09-06,1693958400,40.8,41.1,40.7,40.8,10562,40.1,0.7,0.02,40.2,40.8,40.5,-0.3,-0.01,-1,40.44,40.38,40.36,40.4,40.34,48.85,40.38,49.0,True,False,False
2023-09-07,1694044800,40.8,41.2,40.5,40.5,12100,40.2,0.3,0.01,40.8,40.8,40.0,-0.5,-0.01,-1,40.48,40.4,40.38,40.42,40.33,48.7,40.4,48.85,True,False,False
2023-09-08,1694131200,40.5,40.5,39.8,40.0,13403,40.8,-0.8,-0.02,40.8,40.5,40.3,0.3,0.01,1,40.46,40.36,40.38,40.4,40.3,48.54,40.42,48.7,True,False,False
2023-09-11,1694390400,40.1,40.4,40.1,40.3,13302,40.8,-0.5,-0.01,40.5,40.0,40.3,0.0,0.0,-1,40.48,40.34,40.39,40.38,40.28,48.39,40.4,48.54,True,False,False
2023-09-12,1694476800,40.3,40.7,40.1,40.3,14300,40.5,-0.2,-0.0,40.0,40.3,40.0,-0.3,-0.01,-1,40.38,40.34,40.37,40.38,40.25,48.24,40.38,48.39,True,False,False
2023-09-13,1694563200,40.2,40.2,39.9,40.0,12206,40.0,0.0,0.0,40.3,40.3,39.7,-0.3,-0.01,-1,40.22,40.33,40.33,40.38,40.26,48.09,40.38,48.24,True,False,False
2023-09-14,1694649600,40.0,40.0,39.3,39.7,10800,40.3,-0.6,-0.01,40.3,40.0,40.5,0.8,0.02,1,40.06,40.27,40.27,40.36,40.29,47.94,40.38,48.09,True,False,False
2023-09-15,1694736000,39.8,40.6,39.8,40.5,15601,40.3,0.2,0.0,40.0,39.7,40.3,-0.2,-0.0,-1,40.16,40.31,40.26,40.37,40.29,47.79,40.36,47.94,True,False,False
2023-09-18,1694995200,40.5,40.5,40.2,40.3,17300,40.0,0.3,0.01,39.7,40.5,40.4,0.1,0.0,1,40.16,40.32,40.26,40.37,40.29,47.64,40.37,47.79,True,False,False
2023-09-19,1695081600,40.3,40.5,40.2,40.4,13600,39.7,0.7,0.02,40.5,40.3,40.6,0.2,0.0,1,40.18,40.28,40.29,40.38,40.29,47.49,40.37,47.64,True,False,False
2023-09-20,1695168000,40.4,40.6,40.2,40.6,14128,40.5,0.1,0.0,40.3,40.4,40.8,0.2,0.0,1,40.3,40.26,40.32,40.38,40.29,47.34,40.38,47.49,True,False,False
2023-09-21,1695254400,40.6,40.9,40.6,40.8,12200,40.3,0.5,0.01,40.4,40.6,39.6,-1.2,-0.03,-1,40.52,40.29,40.34,40.39,40.29,47.2,40.38,47.34,True,False,False
2023-09-22,1695340800,40.8,40.8,39.6,39.6,15000,40.4,-0.8,-0.02,40.6,40.8,40.0,0.4,0.01,1,40.34,40.25,40.3,40.38,40.29,47.04,40.39,47.2,True,False,False
2023-09-25,1695600000,39.6,40.0,39.5,40.0,11200,40.6,-0.6,-0.01,40.8,39.6,40.0,0.0,0.0,-1,40.28,40.22,40.28,40.38,40.29,46.89,40.38,47.04,True,False,False
2023-09-26,1695686400,40.1,40.2,39.8,40.0,15400,40.8,-0.8,-0.02,39.6,40.0,40.0,0.0,0.0,-1,40.2,40.19,40.26,40.38,40.28,46.74,40.38,46.89,True,False,False
2023-09-27,1695772800,40.0,40.3,39.2,40.0,14100,39.6,0.4,0.01,40.0,40.0,40.1,0.1,0.0,1,40.08,40.19,40.26,40.38,40.27,46.59,40.38,46.74,True,False,False
2023-09-28,1695859200,39.7,40.2,39.6,40.1,14600,40.0,0.1,0.0,40.0,40.0,40.3,0.2,0.0,1,39.94,40.23,40.25,40.38,40.25,46.44,40.38,46.59,True,False,False
2023-09-29,1695945600,40.1,40.4,40.1,40.3,13800,40.0,0.3,0.01,40.0,40.1,40.7,0.4,0.01,1,40.08,40.21,40.26,40.37,40.24,46.3,40.38,46.44,True,False,False
2023-10-02,1696204800,40.3,40.8,40.3,40.7,15900,40.0,0.7,0.02,40.1,40.3,40.0,-0.7,-0.02,-1,40.22,40.25,40.29,40.36,40.24,46.15,40.37,46.3,True,False,False
2023-10-03,1696291200,40.6,40.6,40.0,40.0,11400,40.1,-0.1,-0.0,40.3,40.7,40.2,0.2,0.0,1,40.22,40.21,40.24,40.34,40.24,46.0,40.36,46.15,True,False,False
2023-10-04,1696377600,40.0,40.3,39.8,40.2,12100,40.3,-0.1,-0.0,40.7,40.0,40.0,-0.2,-0.0,-1,40.26,40.17,40.22,40.32,40.24,45.85,40.34,46.0,True,False,False
2023-10-05,1696464000,40.2,40.4,40.0,40.0,15000,40.7,-0.7,-0.02,40.0,40.2,40.0,0.0,0.0,-1,40.24,40.09,40.19,40.31,40.24,45.7,40.32,45.85,True,False,False
2023-10-06,1696550400,40.0,40.2,39.7,40.0,10500,40.0,0.0,0.0,40.2,40.0,40.3,0.3,0.01,1,40.18,40.13,40.19,40.31,40.24,45.55,40.31,45.7,True,False,False
2023-10-09,1696809600,40.0,40.4,40.0,40.3,15100,40.2,0.1,0.0,40.0,40.0,40.5,0.2,0.0,1,40.1,40.16,40.19,40.3,40.25,45.4,40.31,45.55,True,False,False
2023-10-10,1696896000,40.3,40.6,40.3,40.5,17744,40.0,0.5,0.01,40.0,40.3,40.3,-0.2,-0.0,-1,40.2,40.21,40.2,40.29,40.25,45.25,40.3,45.4,True,False,False
2023-10-11,1696982400,40.5,40.5,40.2,40.3,12100,40.0,0.3,0.01,40.3,40.5,41.2,0.9,0.02,1,40.22,40.24,40.21,40.28,40.26,45.1,40.29,45.25,True,False,False
2023-10-12,1697068800,42.2,42.2,40.8,41.2,13700,40.3,0.9,0.02,40.5,40.3,40.7,-0.5,-0.01,-1,40.46,40.35,40.29,40.3,40.27,44.96,40.28,45.1,True,False,False
2023-10-13,1697155200,40.9,40.9,40.6,40.7,13300,40.5,0.2,0.0,40.3,41.2,40.6,-0.1,-0.0,-1,40.6,40.39,40.3,40.31,40.28,44.81,40.3,44.96,True,False,False
2023-10-16,1697414400,40.7,41.0,40.6,40.6,13600,40.3,0.3,0.01,41.2,40.7,40.7,0.1,0.0,1,40.66,40.38,40.32,40.31,40.29,44.66,40.31,44.81,True,False,False
2023-10-17,1697500800,40.6,40.7,40.2,40.7,13800,41.2,-0.5,-0.01,40.7,40.6,40.5,-0.2,-0.0,-1,40.7,40.45,40.33,40.32,40.3,44.52,40.31,44.66,True,False,False
2023-10-18,1697587200,40.7,40.8,40.5,40.5,12900,40.7,-0.2,-0.0,40.6,40.7,39.8,-0.7,-0.02,-1,40.74,40.48,40.33,40.33,40.32,44.38,40.32,44.52,True,False,False
2023-10-19,1697673600,40.5,40.5,38.9,39.8,14300,40.6,-0.8,-0.02,40.7,40.5,40.1,0.3,0.01,1,40.46,40.46,40.28,40.32,40.33,44.22,40.33,44.38,True,False,False
2023-10-20,1697760000,39.8,40.2,39.8,40.1,12900,40.7,-0.6,-0.01,40.5,39.8,39.9,-0.2,-0.0,-1,40.34,40.47,40.3,40.32,40.34,44.07,40.32,44.22,True,False,False
2023-10-23,1698019200,40.1,40.3,39.8,39.9,12700,40.5,-0.6,-0.01,39.8,40.1,40.2,0.3,0.01,1,40.2,40.43,40.3,40.32,40.33,43.91,40.32,44.07,True,False,False
2023-10-24,1698105600,39.9,40.2,39.9,40.2,16600,39.8,0.4,0.01,40.1,39.9,40.1,-0.1,-0.0,-1,40.1,40.4,40.3,40.31,40.3,43.76,40.32,43.91,True,False,False
2023-10-25,1698192000,40.2,40.2,40.0,40.1,17400,40.1,0.0,0.0,39.9,40.2,39.9,-0.2,-0.0,-1,40.02,40.38,40.31,40.29,40.3,43.61,40.31,43.76,True,False,False
2023-10-26,1698278400,40.0,40.0,39.8,39.9,18000,39.9,0.0,0.0,40.2,40.1,40.0,0.1,0.0,1,40.04,40.25,40.3,40.27,40.28,43.45,40.29,43.61,True,False,False
2023-10-27,1698364800,39.9,40.2,39.9,40.0,19600,40.2,-0.2,-0.0,40.1,39.9,40.0,0.0,0.0,-1,40.02,40.18,40.29,40.26,40.28,43.3,40.27,43.45,True,False,False
2023-10-30,1698624000,39.9,40.0,39.4,40.0,18400,40.1,-0.1,-0.0,39.9,40.0,40.0,0.0,0.0,-1,40.04,40.12,40.25,40.26,40.27,43.16,40.26,43.3,True,False,False
2023-10-31,1698710400,39.9,40.0,39.4,40.0,19700,39.9,0.1,0.0,40.0,40.0,40.4,0.4,0.01,1,40.0,40.05,40.25,40.26,40.26,43.02,40.26,43.16,True,False,False
2023-11-01,1698796800,39.5,40.5,39.5,40.4,20200,40.0,0.4,0.01,40.0,40.0,40.2,-0.2,-0.0,-1,40.06,40.04,40.26,40.27,40.26,42.89,40.26,43.02,True,False,False
2023-11-02,1698883200,40.3,40.3,40.0,40.2,21100,40.0,0.2,0.0,40.0,40.4,40.0,-0.2,-0.0,-1,40.12,40.08,40.27,40.26,40.26,42.76,40.27,42.89,True,False,False
2023-11-03,1698969600,40.1,40.1,39.9,40.0,23600,40.0,0.0,0.0,40.4,40.2,40.9,0.9,0.02,1,40.12,40.07,40.27,40.26,40.26,42.63,40.26,42.76,True,False,False
2023-11-06,1699228800,39.9,40.9,39.6,40.9,26200,40.4,0.5,0.01,40.2,40.0,40.4,-0.5,-0.01,-1,40.3,40.17,40.3,40.26,40.27,42.51,40.26,42.63,True,False,False
2023-11-07,1699315200,40.9,40.9,40.3,40.4,18400,40.2,0.2,0.0,40.0,40.9,39.9,-0.5,-0.01,-1,40.38,40.19,40.3,40.27,40.28,42.4,40.26,42.51,True,False,False
2023-11-08,1699401600,40.4,40.4,38.3,39.9,22800,40.0,-0.1,-0.0,40.9,40.4,40.7,0.8,0.02,1,40.28,40.17,40.28,40.26,40.28,42.28,40.27,42.4,True,False,False
2023-11-09,1699488000,39.9,40.9,39.9,40.7,23000,40.9,-0.2,-0.0,40.4,39.9,40.6,-0.1,-0.0,-1,40.38,40.25,40.25,40.27,40.29,42.17,40.26,42.28,True,False,False
2023-11-10,1699574400,40.3,40.8,40.3,40.6,22700,40.4,0.2,0.0,39.9,40.7,40.3,-0.3,-0.01,-1,40.5,40.31,40.24,40.28,40.3,42.05,40.27,42.17,True,False,False
2023-11-13,1699833600,40.3,40.6,40.2,40.3,21300,39.9,0.4,0.01,40.7,40.6,40.4,0.1,0.0,1,40.38,40.34,40.23,40.28,40.31,41.94,40.28,42.05,True,False,False
2023-11-14,1699920000,40.4,40.7,40.3,40.4,19900,40.7,-0.3,-0.01,40.6,40.3,40.5,0.1,0.0,1,40.38,40.38,40.21,40.27,40.33,41.84,40.28,41.94,True,False,False
2023-11-15,1700006400,40.6,40.6,40.4,40.5,18200,40.6,-0.1,-0.0,40.3,40.4,40.3,-0.2,-0.0,-1,40.5,40.39,40.21,40.27,40.33,41.73,40.27,41.84,True,False,False
2023-11-16,1700092800,40.4,40.5,40.2,40.3,20500,40.3,0.0,0.0,40.4,40.5,40.1,-0.2,-0.0,-1,40.42,40.4,40.24,40.26,40.34,41.63,40.27,41.73,True,False,False
2023-11-17,1700179200,40.3,40.4,40.1,40.1,13803,40.4,-0.3,-0.01,40.5,40.3,40.2,0.1,0.0,1,40.32,40.41,40.24,40.27,40.33,41.53,40.26,41.63,True,False,False
2023-11-20,1700438400,40.0,40.2,39.8,40.2,19500,40.5,-0.3,-0.01,40.3,40.1,40.4,0.2,0.0,1,40.3,40.34,40.26,40.26,40.32,41.44,40.27,41.53,True,False,False
2023-11-21,1700524800,40.2,40.5,40.2,40.4,16900,40.3,0.1,0.0,40.1,40.2,40.3,-0.1,-0.0,-1,40.3,40.34,40.26,40.27,40.32,41.36,40.26,41.44,True,False,False
2023-11-22,1700611200,40.4,40.5,40.2,40.3,19600,40.1,0.2,0.0,40.2,40.4,40.6,0.3,0.01,1,40.26,40.38,40.28,40.27,40.33,41.28,40.27,41.36,True,False,False
2023-11-23,1700697600,40.3,40.6,40.3,40.6,18300,40.2,0.4,0.01,40.4,40.3,40.4,-0.2,-0.0,-1,40.32,40.37,40.31,40.29,40.33,41.2,40.27,41.28,True,False,False
2023-11-24,1700784000,40.6,40.6,40.4,40.4,15705,40.4,0.0,0.0,40.3,40.6,,,,-1,40.38,40.35,40.33,40.29,40.33,41.14,40.29,41.2,True,False,False
